7.719162859464328,-0.36785955426981165,28.558380126953125,28.559234619140625
7.66351008354039,-0.3923073610889266,28.527008056640625,28.527130126953125
7.665465509085162,-0.4093778789201956,28.496368408203125,28.496368408203125
7.67824615465422,-0.4089109485821141,28.465606689453125,28.465484619140625
7.644684005613107,-0.3780458993659289,28.434722900390625,28.434722900390625
7.62112811485179,-0.4025765937170591,28.403839111328125,28.403961181640625
7.627014617089222,-0.39902418454217947,28.373199462890625,28.373321533203125
7.617369970002473,-0.3953095380514289,28.342437744140625,28.342437744140625
7.58219154114553,-0.39906194153924957,28.311676025390625,28.311553955078125
7.546686784312063,-0.3886541233430395,28.280792236328125,28.280914306640625
7.561854185060224,-0.3987616533904972,28.250030517578125,28.250030517578125
7.550719318169103,-0.38147521411985597,28.219390869140625,28.219390869140625
7.5234386659428525,-0.378083693155304,28.188629150390625,28.188629150390625
7.482123952049372,-0.3994952508288264,28.157745361328125,28.157867431640625
7.487735124232931,-0.395556165354489,28.126983642578125,28.126983642578125
7.490868891168554,-0.38483891992481856,28.096343994140625,28.096221923828125
7.452735061822124,-0.36797832860111224,28.065582275390625,28.065704345703125
7.425421459497069,-0.413534783027279,28.034698486328125,28.034820556640625
7.427880607007629,-0.3920324926731634,28.004058837890625,28.003936767578125
7.912413174182385,-0.39870590988067023,28.937042236328125,28.937530517578125
7.929913021436468,-0.40182095450503263,28.937042236328125,28.936920166015625
7.86908905688877,-0.3923399158531703,28.911895751953125,28.912017822265625
7.855458133046563,-0.3920300836655629,28.881134033203125,28.881011962890625
7.861775456947191,-0.39575057591110396,28.850494384765625,28.850494384765625
7.86078459919143,-0.40908773046853575,28.819610595703125,28.819732666015625
7.831973466390339,-0.423816369249698,28.788970947265625,28.788848876953125
7.821377695749739,-0.3852101346968587,28.758331298828125,28.758331298828125
7.810219414564896,-0.38136135598588883,28.727569580078125,28.727569580078125
7.797057160171425,-0.4051860515875194,28.696807861328125,28.696929931640625
7.75946703923864,-0.40938862573846146,28.666168212890625,28.666046142578125
7.7312785040200644,-0.38179767471562287,28.635528564453125,28.635406494140625
7.7395954699086555,-0.3815920024493663,28.604888916015625,28.604888916015625
7.724310934247299,-0.3893690478875115,28.574005126953125,28.574127197265625
7.69816681526077,-0.39883780515443623,28.543365478515625,28.543243408203125
7.696772014907579,-0.38148410135371635,28.512725830078125,28.512603759765625
7.68162389812852,-0.3817026039839635,28.482086181640625,28.482086181640625
7.650110146960237,-0.36412778023346803,28.451324462890625,28.451324462890625
7.63783786245805,-0.39182794983905056,28.420684814453125,28.420806884765625
7.639307156559898,-0.36442591841644423,28.390045166015625,28.389923095703125
7.608583276443402,-0.37825534796214066,28.359283447265625,28.359405517578125
7.600343483888433,-0.3815717767620793,28.328765869140625,28.328643798828125
7.582344617450712,-0.3849531208360063,28.298004150390625,28.298004150390625
7.560619304118727,-0.3810777712192541,28.267364501953125,28.267242431640625
7.5386146869253166,-0.3847497393843563,28.236602783203125,28.236602783203125
7.541394478764671,-0.3953580857444936,28.205963134765625,28.205963134765625
7.5108615054293875,-0.3881955242951174,28.175323486328125,28.175323486328125
7.513211458885837,-0.3746601416273142,28.144683837890625,28.144805908203125
7.458848632040627,-0.4061373701872546,28.113922119140625,28.114044189453125
7.475023386667704,-0.3887885793705774,28.083404541015625,28.083282470703125
7.475868732260898,-0.3675173744255009,28.052764892578125,28.052764892578125
7.447655255033137,-0.3709166819628056,28.022125244140625,28.022125244140625
7.416532808782291,-0.38884955063766036,27.991363525390625,27.991485595703125
7.403314436386015,-0.370997095555026,27.960723876953125,27.960601806640625
7.394899529698434,-0.37808411456877145,27.930206298828125,27.930084228515625
7.389460540033403,-0.3713493834471996,27.899566650390625,27.899566650390625
7.386498407713948,-0.3962289012528545,27.868804931640625,27.868927001953125
7.348496137579477,-0.3748665846660355,27.838165283203125,27.838165283203125
7.344602448513471,-0.3885995514213664,27.807647705078125,27.807525634765625
7.300707893431893,-0.3715087309446884,27.777008056640625,27.777008056640625
7.299958460676499,-0.39935120677410707,27.746368408203125,27.746368408203125
7.276203704387161,-0.34703656558041274,27.715850830078125,27.715728759765625
7.266214219107071,-0.3536185407973247,27.685211181640625,27.685211181640625
7.243568097235189,-0.3648145556073864,27.654449462890625,27.654693603515625
7.2074236729516965,-0.3849763898870171,27.623931884765625,27.624053955078125
7.197990860378724,-0.343412450537087,27.593414306640625,27.593414306640625
7.1970572831625,-0.3674102719286332,27.562896728515625,27.562896728515625
7.175088490984135,-0.3714504420193866,27.532135009765625,27.532257080078125
7.168388104547723,-0.3787269933806289,27.501617431640625,27.501495361328125
7.171264437129705,-0.3507500732762051,27.471099853515625,27.470977783203125
7.134553392754465,-0.3681240711910334,27.440582275390625,27.440582275390625
7.091816733542676,-0.3576811428294736,27.409820556640625,27.409942626953125
7.1093355055849825,-0.35769717468026463,27.379302978515625,27.379180908203125
7.089964784913818,-0.3502514642872774,27.348785400390625,27.348785400390625
7.062809337833954,-0.3682481315986592,27.318145751953125,27.318267822265625
7.072513550396188,-0.3746978939832277,27.287872314453125,27.287628173828125
7.026824615158785,-0.3643090254774751,27.257110595703125,27.257110595703125
7.031554369020094,-0.36099687203727815,27.226593017578125,27.226593017578125
6.990558155144918,-0.36450957720659827,27.195831298828125,27.195953369140625
6.990947915388251,-0.35730111163248945,27.165313720703125,27.165313720703125
6.956377736091423,-0.3504293153508531,27.134918212890625,27.134796142578125
6.9546338638522895,-0.3605737920862613,27.104400634765625,27.104400634765625
6.923095916208001,-0.3578275698144029,27.073638916015625,27.073760986328125
6.938005401215403,-0.37134558170696663,27.043121337890625,27.043121337890625
6.921324927973706,-0.37448868552549364,27.012603759765625,27.012603759765625
6.908128635353204,-0.3432192986546051,26.982208251953125,26.982208251953125
6.83211395770333,-0.3474167792964675,26.951568603515625,26.951690673828125
6.849198944415349,-0.35735339612888584,26.921051025390625,26.921051025390625
6.862448508109396,-0.353478987201158,26.890655517578125,26.890533447265625
6.829154047851574,-0.34021982236579373,26.860015869140625,26.860015869140625
6.796592355321883,-0.3683719117321115,26.829620361328125,26.829498291015625
6.791933949320883,-0.3510169153256797,26.798980712890625,26.798980712890625
6.777072242084298,-0.3604997886184924,26.768463134765625,26.768463134765625
6.769268535742795,-0.34774465533711185,26.737823486328125,26.737945556640625
6.748283420016778,-0.3752958356360544,26.707427978515625,26.707427978515625
6.736899895357529,-0.33348052338840084,26.677032470703125,26.677032470703125
6.730514358507646,-0.3572720769607379,26.646514892578125,26.646514892578125
6.695339471909289,-0.3579710929351926,26.615875244140625,26.615997314453125
6.656966595581856,-0.37478934578792433,26.585357666015625,26.585357666015625
6.654957403154727,-0.33669527829251567,26.554962158203125,26.555084228515625
6.675962096582423,-0.34323157649029945,26.524566650390625,26.524444580078125
6.61258851804436,-0.33354059324258134,26.494049072265625,26.494049072265625
6.623637427145425,-0.3542751068087867,26.463531494140625,26.463409423828125
6.596199061017155,-0.3202274340497967,26.433013916015625,26.433013916015625
6.571278474728982,-0.34353023275103034,26.402496337890625,26.402618408203125
6.566599935141533,-0.34108202464285775,26.372100830078125,26.372100830078125
6.540140735281117,-0.3228820370966624,26.341583251953125,26.341583251953125
6.537097965359674,-0.34358316208298134,26.311187744140625,26.311187744140625
6.517830514519458,-0.3265334008551245,26.280548095703125,26.280670166015625
6.508173520222737,-0.34765813823670055,26.250152587890625,26.250152587890625
6.516387102699269,-0.32256793490859925,26.219757080078125,26.219757080078125
6.466934645873043,-0.33009715787541727,26.189361572265625,26.189361572265625
6.487433592481704,-0.34383961732283763,26.158966064453125,26.158843994140625
6.453232941102309,-0.3438919408393043,26.128326416015625,26.128326416015625
6.4124360822908635,-0.3263830803986364,26.098052978515625,26.097930908203125
6.395732597739295,-0.3298942492523532,26.067413330078125,26.067535400390625
6.3920475778237495,-0.3509182790919242,26.037139892578125,26.037017822265625
6.365329707035891,-0.34375514231652704,26.006744384765625,26.006866455078125
6.34904458077481,-0.32665233462781906,25.976226806640625,25.976226806640625
6.35414117607544,-0.3616780534381704,25.945709228515625,25.945831298828125
6.304266099610259,-0.3442969277097263,25.915313720703125,25.915191650390625
6.3478320661068235,-0.34373645786362705,25.884918212890625,25.884796142578125
6.295752158286671,-0.33339602210571917,25.854522705078125,25.854522705078125
6.274128227163842,-0.3509148756812128,25.824127197265625,25.824127197265625
6.267014359544334,-0.33405974212728085,25.793609619140625,25.793609619140625
6.256176691191882,-0.3297902022416185,25.763214111328125,25.763214111328125
6.20949649378004,-0.34416708425381604,25.732818603515625,25.732940673828125
6.215881762288158,-0.34715035790676807,25.702545166015625,25.702545166015625
6.209436915448001,-0.3403191674657723,25.672027587890625,25.672027587890625
6.185134704960318,-0.31620937112496694,25.641632080078125,25.641754150390625
6.160044065930507,-0.30578725221661196,25.611114501953125,25.611236572265625
6.153555752697874,-0.351003057676881,25.580963134765625,25.580841064453125
6.145946239207954,-0.32641835458841173,25.550445556640625,25.550689697265625
6.117419843767245,-0.3332109215242671,25.520172119140625,25.520172119140625
6.1106129017551725,-0.3164004866162554,25.489654541015625,25.489776611328125
6.0874019026395265,-0.3234083223817782,25.459136962890625,25.459259033203125
6.08932885805848,-0.30562859107163576,25.428985595703125,25.429107666015625
6.07942142524665,-0.3228947758726486,25.398590087890625,25.398590087890625
6.0417385978441205,-0.3371172515341402,25.368194580078125,25.368194580078125
6.023119369652501,-0.3335219635037888,25.337799072265625,25.337799072265625
6.018996171896639,-0.29556582836835765,25.307525634765625,25.307281494140625
6.0045315135268265,-0.3127145867573582,25.277008056640625,25.277130126953125
5.965685773646582,-0.31991440247884984,25.246734619140625,25.246734619140625
5.958173802619544,-0.31256218660518786,25.216461181640625,25.216461181640625
5.9592670820764235,-0.3299027726051015,25.186065673828125,25.186065673828125
5.928475604692422,-0.31961704465189766,25.155548095703125,25.155670166015625
5.8995150936235845,-0.31642987758618224,25.125274658203125,25.125274658203125
5.913450880169285,-0.2812302522914012,25.095001220703125,25.095001220703125
5.90769433147318,-0.29856546807535955,25.064727783203125,25.064727783203125
5.851169420221889,-0.34056010141406656,25.034332275390625,25.034332275390625
5.853143765781902,-0.33004861589449486,25.003936767578125,25.003936767578125
5.861262105753403,-0.2953531678747523,24.973663330078125,24.973541259765625
5.79763759451156,-0.32314926842549596,24.943267822265625,24.943389892578125
5.79981031063915,-0.32685310466098205,24.912872314453125,24.912994384765625
5.796205133129846,-0.309206877145512,24.882720947265625,24.882598876953125
5.751515740063778,-0.30620659872324196,24.852447509765625,24.852447509765625
5.753099420408691,-0.3369824799441057,24.821929931640625,24.822052001953125
5.718829359786214,-0.3171900914477854,24.791656494140625,24.791534423828125
5.718526911473672,-0.30943666552373006,24.761383056640625,24.761505126953125
5.71381436762785,-0.3165896578930142,24.731231689453125,24.731231689453125
5.696338283260754,-0.30623507988103527,24.700714111328125,24.700836181640625
5.680624924618515,-0.3098716639952567,24.670440673828125,24.670440673828125
5.658875712984297,-0.309342039098466,24.640289306640625,24.640167236328125
5.658636188909982,-0.31317318300771746,24.609771728515625,24.610015869140625
5.623642251033798,-0.3269107532085802,24.579742431640625,24.579620361328125
5.629803608712202,-0.3164820886480335,24.549346923828125,24.549591064453125
5.603384876665386,-0.2955551476886694,24.519073486328125,24.519073486328125
5.562313452200422,-0.3166984510781501,24.488677978515625,24.488800048828125
5.5434170340000115,-0.33028338460378526,24.458282470703125,24.458404541015625
5.561838355224488,-0.3192313932687274,24.428253173828125,24.428375244140625
5.5341592402793705,-0.3093287475630472,24.397979736328125,24.398101806640625
5.5146566428013655,-0.323693804082654,24.367584228515625,24.367706298828125
5.497844500689021,-0.3164336473482148,24.337310791015625,24.337310791015625
5.5057432015535275,-0.3096643542958475,24.307159423828125,24.307037353515625
5.44749449470777,-0.29553650823615474,24.276763916015625,24.276885986328125
5.463922329510981,-0.3092021145063423,24.246734619140625,24.246612548828125
5.437199027793513,-0.30932079938715595,24.216461181640625,24.216217041015625
5.444768103777682,-0.28185043297657175,24.186187744140625,24.186187744140625
5.391563121841392,-0.3032123454509773,24.155792236328125,24.155914306640625
5.403633555674013,-0.29222986693510167,24.125640869140625,24.125640869140625
5.406394084430265,-0.2818134603348109,24.095489501953125,24.095245361328125
5.366274187638982,-0.2888721985249455,24.065216064453125,24.065338134765625
5.323469817367812,-0.28527137781907674,24.034942626953125,24.034942626953125
5.342694186599097,-0.28164112797465035,24.004791259765625,24.004669189453125
5.336851159307902,-0.2783284440652263,23.974517822265625,23.974517822265625
5.2964033908307,-0.2681261746727799,23.944122314453125,23.944244384765625
5.27094041638579,-0.29251220485100404,23.914093017578125,23.913970947265625
5.285561546096478,-0.26765461846329863,23.883819580078125,23.883819580078125
5.260785379776154,-0.2817770157263799,23.853668212890625,23.853668212890625
5.24318713086121,-0.28216785094961794,23.823394775390625,23.823394775390625
5.222450049209325,-0.29639250083267554,23.793121337890625,23.792999267578125
5.233686661113095,-0.28873591315798586,23.762969970703125,23.762847900390625
5.1811334216540805,-0.27530706479496525,23.732818603515625,23.732818603515625
5.168201595921808,-0.30943042580181623,23.702545166015625,23.702667236328125
5.1641233995874,-0.30934956267436997,23.672393798828125,23.672515869140625
5.155488792875527,-0.2854644957671537,23.642242431640625,23.642242431640625
5.094688989853635,-0.3132184278421739,23.611846923828125,23.611968994140625
5.087847844671812,-0.2960004376666864,23.581939697265625,23.581695556640625
5.105317572952174,-0.2994679233047146,23.551666259765625,23.551788330078125
5.079082300137765,-0.2819821969879779,23.521514892578125,23.521514892578125
5.057577290284045,-0.3236849303087297,23.491241455078125,23.491241455078125
5.030803456772627,-0.2858939498399645,23.460968017578125,23.460845947265625
5.0422983166769795,-0.2924809900842943,23.430938720703125,23.430694580078125
4.996769819787367,-0.2786284024170801,23.400787353515625,23.400787353515625
4.987717590612422,-0.29602895307753274,23.370635986328125,23.370635986328125
4.9702382762200195,-0.28865845567065207,23.340362548828125,23.340362548828125
4.974641033987332,-0.2577861084144206,23.310333251953125,23.310211181640625
4.922240775285626,-0.27838124484655935,23.279937744140625,23.280181884765625
4.915673139346549,-0.2956465428826349,23.249786376953125,23.249786376953125
4.926906135104569,-0.2952985222581155,23.219757080078125,23.219757080078125
4.886052120601542,-0.28206911850030614,23.189727783203125,23.189727783203125
4.871042093278001,-0.28926547645495104,23.159332275390625,23.159454345703125
4.8776473351369445,-0.2853157750343228,23.129302978515625,23.129180908203125
4.880168164584409,-0.27141767244219583,23.099273681640625,23.099151611328125
4.829032986524596,-0.26806838637763164,23.068878173828125,23.069122314453125
4.818553352900002,-0.2896549522856098,23.038726806640625,23.038848876953125
4.805946194961043,-0.25443684612835593,23.008819580078125,23.008819580078125
4.811249366551231,-0.29210715801394793,22.978790283203125,22.978790283203125
4.798456930361552,-0.27502769588129095,22.948272705078125,22.948638916015625
4.76412764298119,-0.29572648478745633,22.918243408203125,22.918243408203125
4.738811161111814,-0.2615927749274747,22.888336181640625,22.888214111328125
4.710143060002526,-0.2752410475572933,22.858184814453125,22.858306884765625
4.68909024270648,-0.26877635569663716,22.828033447265625,22.828155517578125
4.676607091696498,-0.25769313952056816,22.798004150390625,22.798004150390625
4.68094238043293,-0.24058925202089643,22.767974853515625,22.767852783203125
4.643169984713567,-0.26817686234831695,22.737701416015625,22.737823486328125
4.642104928026518,-0.25127269442396405,22.707672119140625,22.707550048828125
4.624279374785231,-0.24385456116195314,22.677642822265625,22.677764892578125
4.599077142696557,-0.26781779365370895,22.647613525390625,22.647613525390625
4.594601048993234,-0.2686284976483798,22.617218017578125,22.617462158203125
4.586553187521743,-0.28570213411978507,22.587188720703125,22.587066650390625
4.577990219451644,-0.24068752755580303,22.557281494140625,22.557037353515625
4.54136769332281,-0.2581030006888446,22.527130126953125,22.527252197265625
4.532503429912607,-0.2583101549574074,22.497100830078125,22.496978759765625
4.521610650691903,-0.2680951950959086,22.467071533203125,22.466827392578125
4.512770974860727,-0.2407487138935802,22.437042236328125,22.437042236328125
4.487307600202994,-0.2509101761554977,22.406646728515625,22.406890869140625
4.475567979393205,-0.24775095512185286,22.376617431640625,22.376739501953125
4.482174094376056,-0.24723709165689467,22.346832275390625,22.346710205078125
4.420340736008589,-0.25120843458670894,22.316558837890625,22.316802978515625
4.419779761063871,-0.251130385032749,22.286529541015625,22.286529541015625
4.408076756604256,-0.25438874042983706,22.256622314453125,22.256744384765625
4.394050661628074,-0.27158079876390384,22.226593017578125,22.226593017578125
4.354109975486274,-0.2368723758695972,22.196319580078125,22.196563720703125
4.339400070728412,-0.27167303568806334,22.166290283203125,22.166168212890625
4.337772538444308,-0.24388809003657586,22.136383056640625,22.136260986328125
4.342028481388757,-0.24744428315225653,22.106475830078125,22.106475830078125
4.303822111295481,-0.26858462390572135,22.076324462890625,22.076324462890625
4.312648030509382,-0.2471976937723227,22.046295166015625,22.046295166015625
4.306599020006009,-0.25420597310317516,22.016387939453125,22.016143798828125
4.262786857535599,-0.2578077085111806,21.986114501953125,21.986358642578125
4.228242667848633,-0.26176156766272696,21.956085205078125,21.956207275390625
4.239494078208151,-0.2539906193952005,21.926300048828125,21.926300048828125
4.208382790507876,-0.2613804343449553,21.896270751953125,21.896270751953125
4.188024801924185,-0.28210661730575914,21.865997314453125,21.866241455078125
4.185677736324374,-0.2581547661607776,21.835968017578125,21.836090087890625
4.1618958997168765,-0.24392720263030365,21.806182861328125,21.805938720703125
4.161892905988351,-0.24737037132850304,21.776153564453125,21.776275634765625
4.111930950776027,-0.25160331390639745,21.746124267578125,21.746124267578125
4.117557464456425,-0.23317733347127345,21.716217041015625,21.715972900390625
4.11570655333778,-0.22308133237072114,21.686309814453125,21.686187744140625
4.0763191085754515,-0.2405957409786923,21.656036376953125,21.656280517578125
4.078123603627796,-0.25809066689412374,21.626007080078125,21.626007080078125
4.06497998963943,-0.24045089563614408,21.596343994140625,21.595977783203125
4.034074768061168,-0.24392000191722296,21.566192626953125,21.566314697265625
4.023929157482214,-0.24791836071483908,21.536285400390625,21.536163330078125
4.004452901845656,-0.23725033930899408,21.506378173828125,21.506256103515625
4.0044669588080755,-0.22002872041350863,21.476348876953125,21.476348876953125
3.9726111627801197,-0.2686795610992897,21.446197509765625,21.446441650390625
3.9362490370427707,-0.23738316792668746,21.416168212890625,21.416168212890625
3.9545887929243566,-0.24046562106566371,21.386505126953125,21.386260986328125
3.9170739983038656,-0.22676108651813753,21.356475830078125,21.356597900390625
3.9114431331804402,-0.24073255146535155,21.326446533203125,21.326568603515625
3.9170656968796322,-0.23709146857633456,21.296661376953125,21.296783447265625
3.896217064017441,-0.22673990018247758,21.266632080078125,21.266510009765625
3.839525352904701,-0.25116425925498453,21.236480712890625,21.236724853515625
3.846165983990601,-0.2338956565190815,21.206695556640625,21.206695556640625
3.8530491715247024,-0.22011107290192755,21.176788330078125,21.177032470703125
3.817458956023499,-0.22683953485077313,21.147003173828125,21.147003173828125
3.8125180256537172,-0.2547101965955193,21.116851806640625,21.116973876953125
3.815987646313011,-0.2133607299692447,21.086822509765625,21.086944580078125
3.801527053095506,-0.2265121144797021,21.057159423828125,21.056915283203125
3.750180826546142,-0.23400903709167564,21.027008056640625,21.027252197265625
3.7636857034205358,-0.23740550272643002,20.997222900390625,20.997222900390625
3.7421069512012037,-0.2338242338928328,20.967437744140625,20.967315673828125
3.7102251500479086,-0.2371397060684456,20.937408447265625,20.937408447265625
3.677759115495881,-0.2305808381897545,20.907257080078125,20.907501220703125
3.6751698499152607,-0.2232784484855468,20.877471923828125,20.877349853515625
3.688677214671362,-0.21978781262291514,20.847686767578125,20.847564697265625
3.635753057105414,-0.2127190850669225,20.817657470703125,20.817779541015625
3.620941033356578,-0.23433687480407484,20.787750244140625,20.787628173828125
3.639498609074343,-0.19952608288263707,20.757965087890625,20.757843017578125
3.6378534696421285,-0.2130497897066479,20.728179931640625,20.728179931640625
3.556512181621,-0.22707383899887357,20.698150634765625,20.698272705078125
3.5805785630485754,-0.22361116888317634,20.668121337890625,20.667999267578125
3.564326473800888,-0.19566670874400538,20.638458251953125,20.638214111328125
3.5310911991353384,-0.21653347994674033,20.608428955078125,20.608673095703125
3.5010457440431066,-0.2373733052226612,20.578765869140625,20.578643798828125
3.489843281863539,-0.22345107863478897,20.548736572265625,20.548858642578125
3.473857779740791,-0.22308705558813824,20.518951416015625,20.518951416015625
3.464456253082647,-0.20602842788209574,20.488800048828125,20.489044189453125
3.446481576370659,-0.23748964029465947,20.459014892578125,20.459014892578125
3.4494829466901074,-0.2270751031942363,20.429351806640625,20.429473876953125
3.422412827956082,-0.23406118651083607,20.399444580078125,20.399566650390625
3.3977016551445827,-0.20640252561612915,20.369537353515625,20.369659423828125
3.390601322369628,-0.21326082575153205,20.339752197265625,20.339630126953125
3.372974263527253,-0.2131989100017776,20.309967041015625,20.309844970703125
3.343319697677375,-0.19907883854496677,20.279815673828125,20.280059814453125
3.334288748324157,-0.2199652208691193,20.250030517578125,20.250030517578125
3.346760334693766,-0.19219113672400756,20.220367431640625,20.220245361328125
3.29754997521899,-0.2063960995198737,20.190582275390625,20.190582275390625
3.284843042805162,-0.2272646216705222,20.160675048828125,20.160675048828125
3.292831567760793,-0.20962401337271563,20.130889892578125,20.130645751953125
3.273740633053618,-0.20586414450222845,20.101104736328125,20.101104736328125
3.234587459424533,-0.22692055389023447,20.070953369140625,20.071319580078125
3.213121079095823,-0.2336709836062082,20.041046142578125,20.041168212890625
3.21511525227723,-0.21274984466994085,20.011627197265625,20.011505126953125
3.192722513265196,-0.2027278053254875,19.981842041015625,19.981842041015625
3.157712928800309,-0.22674472253114542,19.951690673828125,19.952056884765625
3.1714627113442195,-0.2267357480709774,19.922149658203125,19.922393798828125
3.1350819530241605,-0.21324400389231646,19.892486572265625,19.892486572265625
3.1126216746382127,-0.22325531260190834,19.862335205078125,19.862579345703125
3.1146446563408814,-0.22018424834501227,19.832550048828125,19.832672119140625
3.108997609072577,-0.19911947622284187,19.803009033203125,19.803131103515625
3.1156635005211997,-0.20940749578182571,19.773223876953125,19.773223876953125
3.06039283347455,-0.2410451967748657,19.743072509765625,19.743438720703125
3.0459251731554184,-0.21615114596992024,19.713653564453125,19.713409423828125
3.025434130923473,-0.1754829498377405,19.683868408203125,19.683624267578125
3.0339622323151008,-0.20271708261273458,19.653717041015625,19.654083251953125
3.010084702981577,-0.20965598875065983,19.624053955078125,19.624176025390625
2.997636333603324,-0.18516668398981273,19.594512939453125,19.594268798828125
2.9669354472644938,-0.19274608599261667,19.564605712890625,19.564727783203125
2.94820116393649,-0.21380270973828341,19.534820556640625,19.534942626953125
2.9558423798345914,-0.19260972943485244,19.505157470703125,19.505035400390625
2.938837924914146,-0.18576439299968261,19.475494384765625,19.475372314453125
2.9200939390352882,-0.2164872682542377,19.445465087890625,19.445587158203125
2.8959994311463917,-0.19303695281732647,19.415557861328125,19.415679931640625
2.90139942297524,-0.19210610230876535,19.386138916015625,19.385894775390625
2.8587730761278825,-0.18218840299396877,19.356353759765625,19.356475830078125
2.8493633574629316,-0.22027169976795846,19.326568603515625,19.326568603515625
2.8440726045994755,-0.2026832478051781,19.296905517578125,19.297027587890625
2.825950368502254,-0.20939752202605932,19.267242431640625,19.266998291015625
2.789777200879529,-0.2063036525722275,19.237213134765625,19.237457275390625
2.7762008186511156,-0.20290286997716456,19.207550048828125,19.207550048828125
2.798276774526427,-0.1852786779294331,19.177886962890625,19.178009033203125
2.7642625800527187,-0.17848131931892564,19.148223876953125,19.148223876953125
2.7419728203197526,-0.2098485388664757,19.118438720703125,19.118560791015625
2.731296016106721,-0.20289136521495832,19.088653564453125,19.088531494140625
2.7227997144642124,-0.21634146441641522,19.059112548828125,19.058990478515625
2.694860907947113,-0.2135415635279826,19.029083251953125,19.029327392578125
2.676062146400963,-0.22010901259685722,18.999542236328125,18.999420166015625
2.6781134063902496,-0.1853779823388464,18.969879150390625,18.969635009765625
2.662143438392049,-0.1856329893493709,18.940216064453125,18.940216064453125
2.600555645290825,-0.18573519819494433,18.910430908203125,18.910430908203125
2.619468697930237,-0.2025886984397426,18.880767822265625,18.880523681640625
2.610537646289434,-0.1849552936090375,18.851104736328125,18.851104736328125
2.569241803522502,-0.19257039485917038,18.821319580078125,18.821441650390625
2.5855888440887935,-0.2027152521753396,18.791534423828125,18.791412353515625
2.5673738991691044,-0.20250715169104483,18.761993408203125,18.761871337890625
2.5441505262273605,-0.18548162310720573,18.732330322265625,18.732330322265625
2.4935292090679795,-0.20638901032873214,18.702545166015625,18.702667236328125
2.497956307307717,-0.161093151137091,18.673004150390625,18.673004150390625
2.510412690738526,-0.18908401458200197,18.643341064453125,18.643341064453125
2.4447151163870773,-0.17526738660636398,18.613433837890625,18.613677978515625
2.465025217638349,-0.1924085150977508,18.583770751953125,18.583770751953125
2.43606256778871,-0.16456415993795503,18.554229736328125,18.554107666015625
2.4347035738309755,-0.19945573914537817,18.524566650390625,18.524688720703125
2.3942045064887125,-0.1927638337675811,18.495025634765625,18.494903564453125
2.395736566046831,-0.1957786790935293,18.465362548828125,18.465118408203125
2.3816727503534962,-0.16816813321238533,18.435699462890625,18.435699462890625
2.352419609857285,-0.19956767039601753,18.405914306640625,18.406036376953125
2.355550145050939,-0.1960488832915963,18.376007080078125,18.376251220703125
2.3333621893314955,-0.16126947888800836,18.346710205078125,18.346588134765625
2.317080498494478,-0.17870144990992587,18.316925048828125,18.317047119140625
2.2910587420084494,-0.22042005841947232,18.287261962890625,18.287261962890625
2.2852044320050195,-0.1578472847501856,18.257843017578125,18.257843017578125
2.2714303215538862,-0.18884292050536533,18.228179931640625,18.228179931640625
2.243013083261095,-0.19290540981912385,18.198272705078125,18.198516845703125
2.2403172455602633,-0.19226464844320845,18.168731689453125,18.168609619140625
2.205779883804425,-0.16470002215226098,18.139312744140625,18.139190673828125
2.1954595798959553,-0.16470437548271355,18.109527587890625,18.109649658203125
2.1699690225014705,-0.17552916613199054,18.079986572265625,18.079986572265625
2.175255597834591,-0.16481476589368138,18.050445556640625,18.050689697265625
2.158048247347811,-0.1717095416832637,18.020904541015625,18.020782470703125
2.138402605554931,-0.18229451284359277,17.990997314453125,17.991241455078125
2.1071362112231453,-0.18223759505532544,17.961578369140625,17.961456298828125
2.1067211067904257,-0.15802222997361803,17.932037353515625,17.931793212890625
2.081368359310963,-0.1577303187283179,17.902252197265625,17.902496337890625
2.066528828754515,-0.17209139154424125,17.872711181640625,17.872833251953125
2.0509575882019435,-0.1682068589089748,17.843292236328125,17.843048095703125
2.040502753380281,-0.154403728252278,17.813629150390625,17.813629150390625
2.0201270646011533,-0.16480950803090255,17.783843994140625,17.783966064453125
2.0104771116406686,-0.17876235002302088,17.754425048828125,17.754425048828125
2.0157314886303745,-0.16801579172929904,17.724884033203125,17.724884033203125
1.9667921737853886,-0.17905834392369502,17.695098876953125,17.695343017578125
1.9497114598921237,-0.1584190617956479,17.665557861328125,17.665557861328125
1.9208510715692095,-0.15464899090956186,17.636138916015625,17.636138916015625
1.9436296375864845,-0.15430707085774553,17.606597900390625,17.606719970703125
1.895977975104966,-0.1579015218079023,17.577178955078125,17.577056884765625
1.8985092485342863,-0.1748765731987939,17.547393798828125,17.547637939453125
1.9158500636265208,-0.14392361995759806,17.517974853515625,17.517852783203125
1.8581256764547165,-0.14758408490110475,17.488189697265625,17.488433837890625
1.844983961403369,-0.161532508732105,17.458648681640625,17.458648681640625
1.8535464929391998,-0.14728943525137717,17.429229736328125,17.429351806640625
1.821007235164895,-0.16846488126431947,17.399688720703125,17.399688720703125
1.8031788857289386,-0.15796821075161582,17.370147705078125,17.370269775390625
1.8159534509624673,-0.15769537302554593,17.340606689453125,17.340606689453125
1.7758907449851526,-0.1442667644578347,17.311065673828125,17.311065673828125
1.7679117557544815,-0.1508602583435683,17.281524658203125,17.281524658203125
1.7343386112193289,-0.15110348252226635,17.251861572265625,17.251739501953125
1.726505982581413,-0.14395592611541252,17.222564697265625,17.222320556640625
1.696586273773366,-0.16148248512269425,17.192779541015625,17.193023681640625
1.696704425407518,-0.15807155720012822,17.163482666015625,17.163238525390625
1.6870733144657617,-0.1617221738211354,17.133941650390625,17.133941650390625
1.6691656710918548,-0.14430168290999046,17.104400634765625,17.104522705078125
1.6214084905769963,-0.1582303306160474,17.074981689453125,17.074981689453125
1.6664060454308443,-0.16862092002482543,17.045318603515625,17.045562744140625
1.6369274782931016,-0.15427946931839132,17.015899658203125,17.015655517578125
1.600188162838394,-0.15806914741836342,16.986236572265625,16.986358642578125
1.6004095319490992,-0.1615812908191253,16.956817626953125,16.956695556640625
1.5924150255807445,-0.161246165663273,16.927398681640625,16.927520751953125
1.5729701640390252,-0.1650690244635662,16.897979736328125,16.897979736328125
1.5424005070272129,-0.18589172697532108,16.868316650390625,16.868438720703125
1.534978747245207,-0.171937189439608,16.838897705078125,16.838897705078125
1.5295086521600312,-0.1506382867035192,16.809478759765625,16.809356689453125
1.4733104104737522,-0.14104592595790766,16.779815673828125,16.780059814453125
1.4729966139728545,-0.15128432519524027,16.750274658203125,16.750274658203125
1.4783316245589986,-0.13013247834908592,16.720977783203125,16.720855712890625
1.4546524175366216,-0.14059579508545128,16.691558837890625,16.691558837890625
1.4210291622866105,-0.1718682950245769,16.661895751953125,16.662017822265625
1.4195334406075832,-0.1369364401948543,16.632598876953125,16.632476806640625
1.4027320825133702,-0.12329985845358149,16.603179931640625,16.603179931640625
1.3452819609071476,-0.12710593458198693,16.573516845703125,16.573760986328125
1.3686994205017469,-0.15442554622273041,16.544097900390625,16.543975830078125
1.340971089221093,-0.15092334497346394,16.514678955078125,16.514434814453125
1.3274931581231686,-0.13036402683503523,16.485137939453125,16.485382080078125
1.307397375904698,-0.1374505236185597,16.455841064453125,16.455841064453125
1.3028358354576381,-0.12673646336281053,16.426422119140625,16.426666259765625
1.2828274860522324,-0.144183135065322,16.397003173828125,16.397125244140625
1.2486697333373769,-0.13740056953685187,16.367462158203125,16.367584228515625
1.2548307465392314,-0.1474696152769771,16.338043212890625,16.337921142578125
1.2376241596822288,-0.13370178907481445,16.308746337890625,16.308624267578125
1.2293347552408922,-0.16547292183393103,16.279083251953125,16.279327392578125
1.201237803075324,-0.15838267902365577,16.249786376953125,16.249542236328125
1.2133530313093155,-0.13708611315664743,16.220489501953125,16.220123291015625
1.1592991806319912,-0.14437693955001685,16.190948486328125,16.191070556640625
1.1708264475829837,-0.1517292374265652,16.161651611328125,16.161529541015625
1.15913053723348,-0.14086669390626894,16.132110595703125,16.131988525390625
1.1339420495882266,-0.13700778008555792,16.102813720703125,16.102813720703125
1.0798378346182607,-0.14085206060544864,16.073272705078125,16.073394775390625
1.0856023731555124,-0.13695399708701217,16.043731689453125,16.043731689453125
1.099448969756916,-0.1300992181072671,16.014556884765625,16.014312744140625
1.0554975088776553,-0.1269832510337986,15.985015869140625,15.985260009765625
1.0248095170115434,-0.14434139255421052,15.955841064453125,15.955718994140625
1.0522106544472134,-0.1270473206770626,15.926422119140625,15.926666259765625
1.0065398891581716,-0.09569725265463103,15.897003173828125,15.897125244140625
0.9926165628051471,-0.1369413434722866,15.867706298828125,15.867706298828125
0.9934395114363639,-0.13040827880049977,15.838165283203125,15.837921142578125
0.9695557526945078,-0.13050872285028248,15.808868408203125,15.808746337890625
0.9526240008767606,-0.13408519273177877,15.779327392578125,15.779449462890625
0.9455848951057706,-0.1615830421917388,15.750030517578125,15.749786376953125
0.9313880889401718,-0.12350076989275083,15.720733642578125,15.720489501953125
0.9039138577115018,-0.10631665108294319,15.691314697265625,15.691436767578125
0.8768308861736009,-0.1513275279638736,15.662017822265625,15.661895751953125
0.8660935751086323,-0.1476862906703501,15.632598876953125,15.632476806640625
0.865761379106992,-0.13030507879278141,15.603302001953125,15.603424072265625
0.8255431206080104,-0.14464228217513253,15.574005126953125,15.574005126953125
0.8177521813729307,-0.13729722676159228,15.544464111328125,15.544464111328125
0.8102944055022576,-0.11979712114990326,15.515167236328125,15.515045166015625
0.7800594060421517,-0.1305112715518838,15.485748291015625,15.485870361328125
0.8036646976401931,-0.11648018528030579,15.456817626953125,15.456451416015625
0.7564333588819574,-0.1307704921072741,15.427276611328125,15.427398681640625
0.7421144997548668,-0.11670748431147326,15.397857666015625,15.397979736328125
0.7345718445117433,-0.13702062062213383,15.368560791015625,15.368560791015625
0.7351087988604909,-0.1097581905580477,15.339141845703125,15.339263916015625
0.7143286336567126,-0.12003124361496931,15.309967041015625,15.309844970703125
0.6701719554048241,-0.12382798957875674,15.280426025390625,15.280548095703125
0.6466957211409046,-0.14490106185306473,15.251007080078125,15.251129150390625
0.6591253747741224,-0.11309017906056229,15.221954345703125,15.221710205078125
0.6293514207513166,-0.12414914899279927,15.192535400390625,15.192657470703125
0.618273745503225,-0.14093565690595078,15.163360595703125,15.163116455078125
0.6252202393097158,-0.1134035008653933,15.133941650390625,15.133941650390625
0.6037792017888552,-0.10950125366539076,15.104644775390625,15.104766845703125
0.5430579517381594,-0.11375410916912965,15.075469970703125,15.075469970703125
0.5597087170443605,-0.13405315284392938,15.046051025390625,15.046173095703125
0.5766382409240843,-0.1166379779787392,15.016754150390625,15.016754150390625
0.5149715436331445,-0.10308091141216569,14.987335205078125,14.987579345703125
0.5083551343319074,-0.09636962207804933,14.958038330078125,14.958038330078125
0.5076263038545428,-0.09244880960351687,14.928985595703125,14.929107666015625
0.47327979950377763,-0.08906786162023328,14.899688720703125,14.899688720703125
0.4530786578475622,-0.11696364164134287,14.870391845703125,14.870513916015625
0.4627739260920277,-0.11649651803968697,14.841094970703125,14.841217041015625
0.4251462332396847,-0.09602052095696856,14.811798095703125,14.811798095703125
0.4113661450165571,-0.1235771913575433,14.782379150390625,14.782623291015625
0.40479241850680414,-0.12382982973703027,14.753204345703125,14.753326416015625
0.38741219521093395,-0.09269830862751294,14.724029541015625,14.723907470703125
0.37040806906268964,-0.11355685353737488,14.694610595703125,14.694854736328125
0.35008965069415554,-0.12076510473954993,14.665435791015625,14.665435791015625
0.35270450291166466,-0.11315723062964755,14.636260986328125,14.636138916015625
0.3014798245271151,-0.09633038594109855,14.606964111328125,14.607086181640625
0.31148048202101264,-0.10980906625965214,14.577911376953125,14.577789306640625
0.30455824580765245,-0.10977901728981276,14.548492431640625,14.548736572265625
0.30101521364185135,-0.10280008541924823,14.519317626953125,14.519317626953125
0.243213993149287,-0.10356140354465748,14.489898681640625,14.490020751953125
0.2530161326967041,-0.09612532732397405,14.460723876953125,14.460479736328125
0.2527146355016494,-0.08549796149550859,14.431549072265625,14.431304931640625
0.22551108627554295,-0.10996929057247162,14.402252197265625,14.402374267578125
0.19097585519707777,-0.10643480324363952,14.373199462890625,14.373077392578125
0.1702551116459437,-0.1098198325588905,14.343902587890625,14.343780517578125
0.1599468373527692,-0.09607208775731368,14.314605712890625,14.314727783203125
0.15662425765977867,-0.09622147100046241,14.285430908203125,14.285430908203125
0.13587946926593913,-0.09613319566012068,14.256256103515625,14.256256103515625
0.12189851684286673,-0.07176217353822778,14.227081298828125,14.227081298828125
0.09466009903306394,-0.10665389292135041,14.197662353515625,14.197784423828125
0.08085392999838953,-0.11007037814258436,14.168487548828125,14.168487548828125
0.07036214545253477,-0.0822687771072651,14.139434814453125,14.139312744140625
0.06013980314243511,-0.08588914273448045,14.110260009765625,14.110260009765625
0.053302505442497705,-0.08942361808721677,14.081085205078125,14.080841064453125
0.03929034429217615,-0.08215421586111116,14.051788330078125,14.051910400390625
0.008264608510083926,-0.07521071873381258,14.022735595703125,14.022735595703125
0.00505053185296056,-0.08942562647950036,13.993438720703125,13.993560791015625
-0.01233954014656305,-0.08565840612421871,13.964263916015625,13.964263916015625
-0.02267148345755368,-0.05466061181093251,13.935089111328125,13.935089111328125
-0.067360857919081,-0.08244790081785103,13.905914306640625,13.905914306640625
-0.06398227086741406,-0.0926077083790402,13.876617431640625,13.876617431640625
-0.06748160532954131,-0.08212893571338131,13.847564697265625,13.847442626953125
-0.1191611309031014,-0.08204320652579045,13.818267822265625,13.818511962890625
-0.11215929237473213,-0.09967841708019509,13.789337158203125,13.788970947265625
-0.1260024104543363,-0.06844019134772228,13.760040283203125,13.760162353515625
-0.1260397916515464,-0.07518587540673771,13.730987548828125,13.730987548828125
-0.1672852690761731,-0.07906156535459685,13.701812744140625,13.701812744140625
-0.18110409271515293,-0.06849727727129129,13.672637939453125,13.672760009765625
-0.19488011692726426,-0.08919483038534737,13.643585205078125,13.643585205078125
-0.2327687807587793,-0.07558710514046252,13.614166259765625,13.614288330078125
-0.24655397029886814,-0.08934216620889257,13.584991455078125,13.584991455078125
-0.21900429906896424,-0.07182875729131899,13.556060791015625,13.555816650390625
-0.26378164602879206,-0.08236330438640549,13.526763916015625,13.527008056640625
-0.2775815757084736,-0.07233981591135408,13.498077392578125,13.497589111328125
-0.28100130636448517,-0.06846938190675111,13.468780517578125,13.468536376953125
-0.28791095814259426,-0.07561562968269453,13.439483642578125,13.439605712890625
-0.3430876032541874,-0.08268195830236469,13.410430908203125,13.410430908203125
-0.3188792402536079,-0.07871617421351462,13.381256103515625,13.381134033203125
-0.36362339105212815,-0.07515749760891743,13.352203369140625,13.352203369140625
-0.39471582586044396,-0.07549980907373821,13.323028564453125,13.323028564453125
-0.38093380031700286,-0.05482705576187308,13.293853759765625,13.293853759765625
-0.39469849488129793,-0.07199754629211563,13.264801025390625,13.264556884765625
-0.4153999952182119,-0.04796226200692455,13.235626220703125,13.235748291015625
-0.45339977943320386,-0.11367643179956921,13.206573486328125,13.206451416015625
-0.4291184399598641,-0.05468930255279847,13.177520751953125,13.177642822265625
-0.49809841527386456,-0.06863410069777287,13.148468017578125,13.148468017578125
-0.48427259416081814,-0.08233028205332504,13.119415283203125,13.119415283203125
-0.4704000956272011,-0.05457884518880818,13.090240478515625,13.090240478515625
-0.5117086032983778,-0.061436973641671,13.061187744140625,13.061187744140625
-0.53956881832844,-0.08261834978283145,13.032012939453125,13.032135009765625
-0.5463565120928695,-0.07555216133375398,13.002960205078125,13.002838134765625
-0.5497672768135966,-0.054822018266867945,12.973907470703125,12.973907470703125
-0.5980033912988347,-0.07893799306850446,12.944732666015625,12.944854736328125
-0.5740802436036618,-0.06888478799333664,12.915679931640625,12.915557861328125
-0.5910520428061,-0.054738145751676126,12.886627197265625,12.886505126953125
-0.632207049201597,-0.04763111127404773,12.857574462890625,12.857696533203125
-0.6325730294934344,-0.08252666001699205,12.828765869140625,12.828521728515625
-0.6632710454696609,-0.033934983427182486,12.799468994140625,12.799713134765625
-0.6495909403078242,-0.05126318986154155,12.770538330078125,12.770538330078125
-0.7050590835373061,-0.07229655333581098,12.741363525390625,12.741485595703125
-0.6978420712257359,-0.058177106069086215,12.712432861328125,12.712310791015625
-0.7081771060690862,-0.047842071225735916,12.683380126953125,12.683135986328125
-0.7564031608650243,-0.058173206247330134,12.654083251953125,12.654327392578125
-0.7565254570768469,-0.05139222421338541,12.625152587890625,12.625152587890625
-0.7596346201693427,-0.04076361218527402,12.596221923828125,12.595977783203125
-0.8047620254841034,-0.06517096893752461,12.567047119140625,12.567169189453125
-0.8185771037227914,-0.07898085345689443,12.538238525390625,12.537872314453125
-0.8078388018791085,-0.06141991660271895,12.509063720703125,12.509185791015625
-0.8390403970831087,-0.058139342689487505,12.480133056640625,12.480133056640625
-0.8498055171519804,-0.06881017583532778,12.451080322265625,12.451080322265625
-0.8564439355828352,-0.0686122430602144,12.422027587890625,12.422149658203125
-0.870189297854304,-0.05824691804505455,12.393096923828125,12.393096923828125
-0.9084041782126265,-0.0481232044489861,12.363922119140625,12.364044189453125
-0.9148965786415245,-0.061632672346196515,12.334991455078125,12.334747314453125
-0.9458583005424391,-0.0512680141535643,12.306060791015625,12.305816650390625
-0.9532956033059925,-0.065409638773538,12.276885986328125,12.277008056640625
-0.9392580189923863,-0.06524305395305563,12.248077392578125,12.247833251953125
-0.960021115580243,-0.04461795584678119,12.219024658203125,12.219024658203125
-0.9944385372023913,-0.054926641706400825,12.190093994140625,12.189971923828125
-1.0191164948390643,-0.05180394220139062,12.161163330078125,12.161041259765625
-1.0078602996576573,-0.034038757325378644,12.132110595703125,12.131866455078125
-1.021775690683557,-0.0478965519002269,12.103057861328125,12.103057861328125
-1.081039987018206,-0.04481940401750395,12.074127197265625,12.074127197265625
-1.0497195200516656,-0.05500283875143741,12.045074462890625,12.045074462890625
-1.083734820126931,-0.04786283209845832,12.016143798828125,12.016021728515625
-1.1044562464378904,-0.030661603055186393,11.986968994140625,11.987213134765625
-1.1113440030283406,-0.047886572409773454,11.958038330078125,11.958038330078125
-1.1247576171587594,-0.02703438915985712,11.929229736328125,11.929229736328125
-1.1354598886982539,-0.03065806437180696,11.900177001953125,11.900299072265625
-1.1770180813507385,-0.04798632198704633,11.871368408203125,11.871368408203125
-1.1560750302881457,-0.023739922172739125,11.842437744140625,11.842437744140625
-1.183910922699023,-0.034201815415314196,11.813385009765625,11.813385009765625
-1.2186560644963547,-0.044668805049093874,11.784454345703125,11.784454345703125
-1.2078559491665233,-0.04101101127046225,11.755401611328125,11.755523681640625
-1.2285282058643616,-0.01689155579975854,11.726593017578125,11.726593017578125
-1.2632778015554988,-0.04113632394781008,11.697540283203125,11.697540283203125
-1.2559653780760238,-0.020282778685502767,11.668609619140625,11.668731689453125
-1.2658099176804514,-0.020079416854915766,11.639801025390625,11.639678955078125
-1.335703841063068,-0.03770627746947042,11.610748291015625,11.610870361328125
-1.3182169794911534,-0.04104904057480019,11.582061767578125,11.581695556640625
-1.3526687303661766,-0.03070744097458389,11.552886962890625,11.553131103515625
-1.3353764255158098,-0.04446536256178513,11.524078369140625,11.524078369140625
-1.3907668117133392,-0.04456396607386803,11.495269775390625,11.495147705078125
-1.3873228669272863,-0.03422618897058205,11.466217041015625,11.466217041015625
-1.4037172389056838,-0.037354061943535743,11.437286376953125,11.437286376953125
-1.421635180360037,-0.044505650265601715,11.408477783203125,11.408355712890625
-1.4181901508653434,-0.04450619608347217,11.379425048828125,11.379302978515625
-1.4493426290369305,-0.023878494633148284,11.350616455078125,11.350616455078125
-1.456450501299638,-0.027400556718275015,11.321685791015625,11.321685791015625
-1.486939764709048,-0.04788667524597645,11.292755126953125,11.292755126953125
-1.4795339573007151,-0.04425573237571634,11.263824462890625,11.263702392578125
-1.5252161046617418,-0.020445721127346883,11.234893798828125,11.235015869140625
-1.5287372590267208,-0.027363146050545684,11.206085205078125,11.205963134765625
-1.51778987184359,-0.030604060640668007,11.177154541015625,11.177398681640625
-1.5595078873250539,-0.04450922504745691,11.148345947265625,11.148345947265625
-1.573923572286809,-0.04816797933586703,11.119537353515625,11.119537353515625
-1.603803248079278,-0.03745212447967772,11.090606689453125,11.090728759765625
-1.5974825698300748,-0.04108330790974424,11.061676025390625,11.061676025390625
-1.6324319028000378,-0.034342113965931564,11.032867431640625,11.032867431640625
-1.6279964844182728,-0.0030284390266226424,11.003936767578125,11.004058837890625
-1.635047317177594,-0.020300575285810196,10.975128173828125,10.975128173828125
-1.687400724503808,-0.006707238676290639,10.946197509765625,10.946197509765625
-1.6725891503660402,-0.020192737102202263,10.917266845703125,10.917388916015625
-1.7066701733413863,-0.01664221536308197,10.888580322265625,10.888458251953125
-1.711516187303459,-0.02393546445753647,10.859527587890625,10.859649658203125
-1.7246731094962091,-0.04442461741902637,10.830963134765625,10.830718994140625
-1.73791823759155,-0.013267750921062027,10.802032470703125,10.802154541015625
-1.7517817945641307,0.00048588723109987964,10.773223876953125,10.773223876953125
-1.800815820755639,-0.020395837108723613,10.744415283203125,10.744293212890625
-1.787316108879463,-0.013581616540185082,10.715484619140625,10.715484619140625
-1.8075169438672212,-0.02378924173525221,10.686676025390625,10.686676025390625
-1.8213857554167643,-0.034148419687563214,10.657867431640625,10.657867431640625
-1.85544628640783,-0.013369134127585447,10.628936767578125,10.628936767578125
-1.866359289181041,-0.013516144622448656,10.600250244140625,10.600250244140625
-1.9121364056249381,-0.017203473477528153,10.571319580078125,10.571319580078125
-1.873736601330142,-0.013639074551575647,10.542388916015625,10.542510986328125
-1.8936217496365502,0.0003448213953124446,10.513702392578125,10.513580322265625
-1.9216733245484692,-0.006662110311965286,10.484893798828125,10.484893798828125
-1.9463911280368749,-0.04127741439709609,10.456207275390625,10.455963134765625
-1.9378862937784105,0.014250304615133769,10.427276611328125,10.427520751953125
-1.9634221271341354,-0.006751257275022904,10.398590087890625,10.398468017578125
-1.9915077818337252,-0.013763511498254388,10.369781494140625,10.369781494140625
-1.980339290005735,0.0036646244299934905,10.340972900390625,10.341094970703125
-2.0031866030733707,0.0005116710645148848,10.312164306640625,10.312164306640625
-2.0286714123166556,0.0002046128714596751,10.283355712890625,10.283355712890625
-2.0312561722295577,-0.013381362389605411,10.254547119140625,10.254669189453125
-2.0514862546059955,0.007385843368266087,10.225738525390625,10.225738525390625
-2.0901196718971473,-0.013442544649289512,10.196929931640625,10.197052001953125
-2.0905646607979724,-0.003203757993401113,10.168121337890625,10.168243408203125
-2.086019983232158,0.014257785525081057,10.139434814453125,10.139434814453125
-2.1074528616166806,0.003763696384698534,10.110626220703125,10.110626220703125
-2.1181192692358835,-0.0031974800290549554,10.081939697265625,10.081695556640625
-2.149575668284839,0.0036063031810628088,10.053131103515625,10.053253173828125
-2.166453793566589,0.00023562462618686997,10.024322509765625,10.024322509765625
-2.191614289109258,2.4899215906759586e-05,9.995635986328125,9.995513916015625
-2.1926082749052602,0.010861049896214836,9.966827392578125,9.966949462890625
-2.214671642332978,-0.0031990093806658626,9.938140869140625,9.938140869140625
-2.2356958106269937,0.003626511956181133,9.909454345703125,9.909332275390625
-2.249232055701075,-0.003214858922204633,9.880645751953125,9.880645751953125
-2.2561253024056174,0.017463803242575904,9.851959228515625,9.851837158203125
-2.2801067822416177,-0.0031829502336037097,9.823272705078125,9.823150634765625
-2.2683270927373353,0.03153954694260597,9.794464111328125,9.794586181640625
-2.272007473329919,0.014276759046864429,9.765655517578125,9.765533447265625
-2.341974964593363,0.027867070077984835,9.736968994140625,9.736968994140625
-2.33739355970322,-0.006369670908804026,9.708282470703125,9.708160400390625
-2.36735804370048,0.03169543527437657,9.679473876953125,9.679595947265625
-2.3807425303586522,0.007037916806031386,9.650787353515625,9.650787353515625
-2.408297241562473,0.0001512685019032789,9.622222900390625,9.622100830078125
-2.3931090214151394,0.031413538416567355,9.593414306640625,9.593536376953125
-2.425260586590548,0.010543116505638439,9.564605712890625,9.564605712890625
-2.4472447941767874,0.00686580918203028,9.536041259765625,9.535797119140625
-2.4247365660747207,0.00719114813018662,9.507232666015625,9.507354736328125
-2.4492386873526977,0.020911252485768417,9.478546142578125,9.478546142578125
-2.4738816965734323,0.031167067855749964,9.449859619140625,9.449859619140625
-2.470299328846812,0.013954701087271038,9.421173095703125,9.421295166015625
-2.511626946373061,0.00707234093289244,9.392364501953125,9.392486572265625
-2.5603983488816344,0.010438391751284581,9.363800048828125,9.363677978515625
-2.535600039752313,0.017441616980357844,9.334991455078125,9.334991455078125
-2.5376680612353573,0.017672326848889086,9.306427001953125,9.306304931640625
-2.6080559436230724,0.01743820208884228,9.277618408203125,9.277740478515625
-2.5904184972300492,0.027839929085180848,9.249053955078125,9.248931884765625
-2.5894329805733016,0.024552030024247218,9.220367431640625,9.220367431640625
-2.64908889081385,0.01749563816862787,9.191680908203125,9.191680908203125
-2.6417725192813473,0.021007938311015883,9.163116455078125,9.162872314453125
-2.6338865102699267,0.028053070406855674,9.134307861328125,9.134307861328125
-2.6483688468328515,0.021055376741327847,9.105621337890625,9.105743408203125
-2.7113559063579444,0.02091336661699683,9.077178955078125,9.076934814453125
-2.7062957748044996,0.048713883510335565,9.048370361328125,9.048614501953125
-2.7242382142160335,0.03138852507937773,9.019805908203125,9.019683837890625
-2.738749000597997,0.01749815979765923,8.991119384765625,8.990997314453125
-2.7409945554098636,0.021127130122468363,8.962432861328125,8.962432861328125
-2.7519284269124924,0.05548919252853979,8.933868408203125,8.933746337890625
-2.7941434549544635,0.04503746920354157,8.905181884765625,8.905181884765625
-2.777381184704431,0.03118149752486843,8.876617431640625,8.876373291015625
-2.8190081156380282,0.020807681905456343,8.847930908203125,8.847808837890625
-2.8316989773324845,0.031308105468939584,8.819244384765625,8.819244384765625
-2.8465602859377372,0.03115700099230223,8.790802001953125,8.790557861328125
-2.8636294377171536,0.06220534690502211,8.761993408203125,8.762115478515625
-2.8669055729007185,0.02776082170464178,8.733428955078125,8.733306884765625
-2.870825420583198,0.04148344479383559,8.704742431640625,8.704620361328125
-2.8910104461695663,0.041554014530006955,8.676177978515625,8.676300048828125
-2.939373056663026,0.04843967434224539,8.647613525390625,8.647491455078125
-2.9533017468156597,0.031188803488366168,8.619049072265625,8.618927001953125
-2.9274324006941623,0.04175874942354596,8.590362548828125,8.590484619140625
-2.9593730262980085,0.03130167472009193,8.561798095703125,8.561676025390625
-2.9890563302402997,0.058608430245991605,8.533233642578125,8.533111572265625
-2.983625883931244,0.017503630419715477,8.504425048828125,8.504669189453125
-3.0041182177170094,0.03820652835114868,8.475982666015625,8.475860595703125
-3.053639849754403,0.013917905484498783,8.447418212890625,8.447296142578125
-3.0313131806555154,0.02792320148386518,8.418731689453125,8.418853759765625
-3.0485246734829845,0.04859874345862958,8.390167236328125,8.390167236328125
-3.110452292256373,0.03439799639011698,8.361602783203125,8.361602783203125
-3.0768938086842703,0.02437971620788415,8.333160400390625,8.332916259765625
-3.0970417233089917,0.058906998535554034,8.304473876953125,8.304473876953125
-3.1422927773143274,0.04852153190017683,8.275787353515625,8.275909423828125
-3.137810767875416,0.05209164075113282,8.247467041015625,8.247222900390625
-3.145563318097637,0.05888041079530704,8.218658447265625,8.218780517578125
-3.177588351796227,0.05532010907277762,8.190216064453125,8.190093994140625
-3.201681630209386,0.04843427501878128,8.161651611328125,8.161529541015625
-3.197007455568621,0.07614263553984302,8.133087158203125,8.133087158203125
-3.2241189185922186,0.037883590810935175,8.104522705078125,8.104522705078125
-3.2437110188139777,0.06559965012551983,8.076080322265625,8.075958251953125
-3.2388281879582594,0.05886786660995624,8.047393798828125,8.047637939453125
-3.2640043236278062,0.06564615524883888,8.018951416015625,8.018829345703125
-3.292263709645482,0.03799349878414637,7.990386962890625,7.990264892578125
-3.3038844665139377,0.05853873484752403,7.961822509765625,7.961822509765625
-3.313238756487996,0.06247903022983403,7.933258056640625,7.933135986328125
-3.350796080576535,0.06214520479792651,7.904693603515625,7.904693603515625
-3.3263262837505585,0.055283973336864745,7.876251220703125,7.876129150390625
-3.3402828379585463,0.06216220948246487,7.847686767578125,7.847564697265625
-3.3953555033452227,0.05873283481284408,7.819244384765625,7.819122314453125
-3.3987974217562855,0.0587339620066204,7.790679931640625,7.790679931640625
-3.417529256478714,0.05512689177699037,7.762115478515625,7.762237548828125
-3.4435379678804887,0.051854929799307725,7.733551025390625,7.733551025390625
-3.43282911074619,0.04844673990484882,7.705230712890625,7.704986572265625
-3.452329111931646,0.07269692666347183,7.676544189453125,7.676788330078125
-3.479847545931861,0.07270575973656579,7.648101806640625,7.648101806640625
-3.498214772814804,0.06570077356063331,7.619659423828125,7.619537353515625
-3.5253502426186984,0.07608747335002242,7.591094970703125,7.591217041015625
-3.52800562203604,0.08650126868776586,7.562652587890625,7.562530517578125
-3.554453293152191,0.055256615551506405,7.534210205078125,7.534088134765625
-3.558951224434787,0.062397015715569104,7.505645751953125,7.505767822265625
-3.584234875236017,0.0864057233319917,7.477203369140625,7.477081298828125
-3.609524205122574,0.07595889488587948,7.448760986328125,7.448638916015625
-3.5842315244011824,0.07606766726088776,7.420196533203125,7.420318603515625
-3.6147881787991034,0.07611680408206778,7.391754150390625,7.391632080078125
-3.6089159773747426,0.06912417393496983,7.363311767578125,7.363189697265625
-3.6508145593485697,0.0656316225153919,7.334869384765625,7.334869384765625
-3.644549484922329,0.07935965871557715,7.306304931640625,7.306427001953125
-3.6767028362664242,0.09336395592514501,7.277862548828125,7.277740478515625
-3.68157630261171,0.06566248892411841,7.249420166015625,7.249420166015625
-3.7020165508589495,0.07947550150041016,7.220855712890625,7.220977783203125
-3.711505940447128,0.08300151375941411,7.192413330078125,7.192413330078125
-3.740905594620128,0.07594477393216159,7.164215087890625,7.164093017578125
-3.739017444719329,0.07611983299440672,7.135528564453125,7.135650634765625
-3.8006758220875416,0.06550330106724578,7.107086181640625,7.107086181640625
-3.7998230278281744,0.06903116883626936,7.078765869140625,7.078643798828125
-3.7929435008173664,0.07592379174218977,7.050201416015625,7.050445556640625
-3.8333707045357217,0.07256959667651297,7.021881103515625,7.021759033203125
-3.84433966200909,0.0759614566953436,6.993438720703125,6.993316650390625
-3.8159528769529527,0.06224386908027835,6.964996337890625,6.964996337890625
-3.8705597682174493,0.08642537145258744,6.936553955078125,6.936553955078125
-3.8936031106523337,0.08967338731229535,6.908233642578125,6.908111572265625
-3.925141946136222,0.09681775590625308,6.879669189453125,6.879791259765625
-3.913940711664009,0.07966503248514012,6.851348876953125,6.851226806640625
-3.9303456708481623,0.0863328337176873,6.822906494140625,6.822784423828125
-3.934228391284458,0.0862963794983963,6.794464111328125,6.794586181640625
-3.9668456808831154,0.10024091430183757,6.766021728515625,6.766021728515625
-3.9406636260077845,0.08288969065136886,6.737701416015625,6.737579345703125
-3.997787598726479,0.09680615331682896,6.709259033203125,6.709259033203125
-3.9934533305223283,0.10721124822032568,6.680816650390625,6.680816650390625
-4.0481966352363825,0.08974654515640268,6.652496337890625,6.652374267578125
-4.046365647027921,0.07611334228024214,6.624176025390625,6.624053955078125
-4.071341810303654,0.07289417078109528,6.595733642578125,6.595733642578125
-4.053246708434722,0.0898979498375797,6.567291259765625,6.567291259765625
-4.075483151032418,0.08977509554773333,6.539093017578125,6.538970947265625
-4.121074006372761,0.10033053527265323,6.510528564453125,6.510650634765625
-4.132076983531746,0.08305532819201733,6.482086181640625,6.482086181640625
-4.158961866522382,0.10352030619378028,6.453887939453125,6.453643798828125
-4.1580220430447525,0.1035914782281927,6.425445556640625,6.425567626953125
-4.179353937326834,0.0828629475542485,6.397125244140625,6.397003173828125
-4.208043821456023,0.05519438814034572,6.368804931640625,6.368682861328125
-4.196672463581504,0.1003575512516145,6.340362548828125,6.340362548828125
-4.218952697544607,0.08990279947580648,6.311920166015625,6.311920166015625
-4.241974201924705,0.08972443619506432,6.283721923828125,6.283477783203125
-4.262840154762818,0.06558077480561397,6.255279541015625,6.255401611328125
-4.271470592775086,0.07950967682684917,6.226959228515625,6.226837158203125
-4.303868354219964,0.07595932068534406,6.198638916015625,6.198516845703125
-4.272437517650838,0.07943274375942211,6.170196533203125,6.170318603515625
-4.307561446957019,0.10352020422516484,6.141876220703125,6.141876220703125
-4.346857378239887,0.08618510571763072,6.113555908203125,6.113555908203125
-4.376817976420613,0.07937766186708006,6.085235595703125,6.085235595703125
-4.354465280228401,0.09673463701331886,6.056915283203125,6.056915283203125
-4.368709428752811,0.09670347812755276,6.028594970703125,6.028472900390625
-4.380728345373319,0.1140609780157632,6.000274658203125,6.000274658203125
-4.398164799989528,0.1347208099398881,5.971954345703125,5.971832275390625
-4.419265680100439,0.08990514543257622,5.943634033203125,5.943511962890625
-4.450031737410518,0.07933010410225916,5.915313720703125,5.915313720703125
-4.458482575040766,0.1038445915421714,5.886993408203125,5.886871337890625
-4.458329342476887,0.09327341965684444,5.858673095703125,5.858551025390625
-4.487351249485637,0.0897264413431279,5.830474853515625,5.830230712890625
-4.501621077150357,0.10693360177447764,5.802032470703125,5.802154541015625
-4.5201914406991035,0.09329796681446056,5.773834228515625,5.773712158203125
-4.56351006611515,0.11729981737580675,5.745513916015625,5.745391845703125
-4.54287757183487,0.10350177301153363,5.717193603515625,5.717315673828125
-4.583612600038063,0.11044743396894197,5.688873291015625,5.688873291015625
-4.570897059282533,0.09658115011790247,5.660675048828125,5.660552978515625
-4.595793925257224,0.11055688591043633,5.632354736328125,5.632354736328125
-4.615333071587541,0.11040720909773072,5.604034423828125,5.604034423828125
-4.637801134916738,0.10339587294438568,5.575836181640625,5.575714111328125
-4.638600830232726,0.10357514469522877,5.547515869140625,5.547637939453125
-4.642568168659362,0.11043522403899131,5.519195556640625,5.519195556640625
-4.692558152248995,0.1241258632615535,5.490997314453125,5.490875244140625
-4.674292620898204,0.0966047061098001,5.462677001953125,5.462799072265625
-4.691758248916676,0.12762326969441695,5.434356689453125,5.434356689453125
-4.738588443264182,0.09646636852035695,5.406158447265625,5.406158447265625
-4.7375131902624315,0.10688428821137086,5.377838134765625,5.377960205078125
-4.749100296968294,0.10703044102377446,5.349639892578125,5.349639892578125
-4.792519842048044,0.12069891768563246,5.321441650390625,5.321319580078125
-4.77730310487924,0.10721849312275533,5.293121337890625,5.293243408203125
-4.782375380213419,0.12089718953174955,5.264923095703125,5.264923095703125
-4.827162405883628,0.11035108819587858,5.236724853515625,5.236602783203125
-4.825239797563055,0.11736606427622986,5.208526611328125,5.208526611328125
-4.865082674466407,0.12435805079296525,5.180206298828125,5.180328369140625
-4.874727963222895,0.12074790245225342,5.152008056640625,5.151885986328125
-4.891624571922376,0.10698260459531717,5.123809814453125,5.123687744140625
-4.906137933646065,0.1274246636579538,5.095611572265625,5.095489501953125
-4.89654858566596,0.12433705017376784,5.067291259765625,5.067291259765625
-4.945473719475514,0.12430637778566112,5.039215087890625,5.039093017578125
-4.968959659190183,0.1553592914484342,5.010894775390625,5.011016845703125
-4.956625628683508,0.12426086863980823,4.982696533203125,4.982574462890625
-4.984962914911452,0.13456370789098837,4.954620361328125,4.954376220703125
-4.972958534186622,0.1484391825368333,4.926177978515625,4.926422119140625
-5.048500223139007,0.13468435647638677,4.898101806640625,4.897979736328125
-5.026178102071521,0.1382162113792963,4.870025634765625,4.869903564453125
-5.0181640990618375,0.1208558824568664,4.841705322265625,4.841705322265625
-5.06828130833256,0.15867959114269603,4.813507080078125,4.813507080078125
-5.074847224534976,0.12077793751452304,4.785308837890625,4.785186767578125
-5.070255000411609,0.12428979207347857,4.757110595703125,4.757232666015625
-5.120964967139233,0.12760856123898112,4.728912353515625,4.728912353515625
-5.130978023695624,0.127629072425419,4.700836181640625,4.700714111328125
-5.121846199833801,0.13445668027562496,4.672515869140625,4.672637939453125
-5.152381478900277,0.15190566980966347,4.644317626953125,4.644317626953125
-5.142080619036857,0.1484560848614147,4.616241455078125,4.616119384765625
-5.1767018393123765,0.13467080629208927,4.588043212890625,4.588043212890625
-5.205058270170177,0.13463410274859144,4.559967041015625,4.559844970703125
-5.2323807448060835,0.12757194768641777,4.531768798828125,4.531646728515625
-5.245357907279274,0.13814382950617976,4.503570556640625,4.503692626953125
-5.219104337343816,0.17253418831801426,4.475372314453125,4.475372314453125
-5.274626280823297,0.1380606858143677,4.447296142578125,4.447174072265625
-5.25818480991238,0.1381963704423924,4.419097900390625,4.419219970703125
-5.267578408682552,0.14513565769415238,4.391021728515625,4.390899658203125
-5.325740874142433,0.1448197465910478,4.362823486328125,4.362701416015625
-5.308948902354315,0.11739652920936539,4.334747314453125,4.334747314453125
-5.342916015892389,0.1482747969475129,4.306549072265625,4.306549072265625
-5.353892218039849,0.14496959907706553,4.278472900390625,4.278350830078125
-5.367266675668016,0.15171746815911524,4.250396728515625,4.250274658203125
-5.386948800758764,0.1552177136259335,4.222076416015625,4.222076416015625
-5.419397498838726,0.1379139724883197,4.194000244140625,4.193878173828125
-5.443434915088886,0.13102730588590417,4.165924072265625,4.165924072265625
-5.451243228628302,0.1588937373682867,4.137725830078125,4.137725830078125
-5.486220367506111,0.14131172382005108,4.109771728515625,4.109649658203125
-5.465603881195647,0.15870989826213078,4.081695556640625,4.081451416015625
-5.466838624077253,0.14847588498183661,4.053497314453125,4.053497314453125
-5.502450743639348,0.15171060629174127,4.025299072265625,4.025299072265625
-5.52427014684957,0.1552711573955181,3.997222900390625,3.997222900390625
-5.544860380513765,0.1483858395353892,3.969146728515625,3.969268798828125
-5.558591053083828,0.15528473426115952,3.941070556640625,3.940948486328125
-5.584530310969084,0.14141530993055862,3.912994384765625,3.912872314453125
-5.5822984650392,0.1690942025622375,3.884918212890625,3.884918212890625
-5.603847028497659,0.15872001556242732,3.856842041015625,3.856719970703125
-5.601058088596869,0.15868975418588105,3.828765869140625,3.828643798828125
-5.637515978770358,0.15876249686153499,3.800567626953125,3.800689697265625
-5.635055214975787,0.1587177888263982,3.772491455078125,3.772491455078125
-5.673785176533562,0.17592575539887612,3.744537353515625,3.744415283203125
-5.682762734185309,0.14496593305490413,3.716339111328125,3.716461181640625
-5.689956889361039,0.15873969373594743,3.688262939453125,3.688262939453125
-5.747489786894323,0.15864621402800583,3.660308837890625,3.660186767578125
-5.727552258169602,0.15171215823249595,3.632232666015625,3.632232666015625
-5.755799493226253,0.15529052831758705,3.604156494140625,3.604034423828125
-5.768084092025672,0.1655500833404535,3.576080322265625,3.575958251953125
-5.763993676133147,0.17591890123029807,3.548004150390625,3.548126220703125
-5.814362825662058,0.1586005213130276,3.519927978515625,3.519927978515625
-5.814118493206607,0.16220712754001398,3.491973876953125,3.491851806640625
-5.830854532572278,0.16208450235100458,3.463897705078125,3.464019775390625
-5.857628696332084,0.15178185942015887,3.435821533203125,3.435821533203125
-5.872711739769668,0.17241732528759335,3.407867431640625,3.407745361328125
-5.880252828166781,0.17584130660000208,3.379791259765625,3.379791259765625
-5.904990065129444,0.1794060154094822,3.351715087890625,3.351715087890625
-5.900843795305934,0.17584926286232794,3.323760986328125,3.323638916015625
-5.938606064210261,0.18289166456619987,3.295684814453125,3.295806884765625
-5.931352043991172,0.1790554649157301,3.267730712890625,3.267608642578125
-5.962606698932487,0.1760087731333797,3.239654541015625,3.239654541015625
-5.97050007273316,0.18975749403537634,3.211578369140625,3.211700439453125
-5.976320593607941,0.17256824296788642,3.183624267578125,3.183502197265625
-6.025739418233335,0.15860133766934537,3.155670166015625,3.155548095703125
-6.035821115395832,0.15818139978248147,3.127716064453125,3.127593994140625
-6.02913190314397,0.16564154384639207,3.099517822265625,3.099517822265625
-6.051450664478984,0.175921889334135,3.071563720703125,3.071563720703125
-6.065169090353818,0.17592734686801415,3.043609619140625,3.043609619140625
-6.064821200567341,0.1793877891533452,3.015533447265625,3.015533447265625
-6.08064051087466,0.1827621127052157,2.987701416015625,2.987579345703125
-6.120736962762452,0.16558055675507377,2.959625244140625,2.959625244140625
-6.113533166095781,0.1828274356711892,2.931671142578125,2.931671142578125
-6.094286012613041,0.1966828241188351,2.903717041015625,2.903594970703125
-6.147116814454835,0.1897598638116481,2.875640869140625,2.875640869140625
-6.174179422007659,0.17255212041563817,2.847686767578125,2.847686767578125
-6.189683860259592,0.20006648738945843,2.819732666015625,2.819610595703125
-6.2269895120493,0.17225722489256612,2.791778564453125,2.791778564453125
-6.217097766773414,0.1656072496349964,2.763702392578125,2.763824462890625
-6.254443177728009,0.17226867623711983,2.735870361328125,2.735748291015625
-6.265814638829514,0.17249385739244494,2.707916259765625,2.707916259765625
-6.280259084871788,0.1931565173726012,2.679962158203125,2.679962158203125
-6.306070547632196,0.1827590809896883,2.652008056640625,2.651885986328125
-6.2975568599584895,0.1863849438405908,2.624053955078125,2.623931884765625
-6.3228502955892925,0.18277898664697279,2.596099853515625,2.596099853515625
-6.345988120541291,0.19304398458146388,2.568145751953125,2.568023681640625
-6.353711293880757,0.1965823620980981,2.540191650390625,2.540191650390625
-6.363255976917416,0.1828216244433346,2.512115478515625,2.512237548828125
-6.409662569994654,0.18622279994852853,2.484283447265625,2.484283447265625
-6.407083043645075,0.21043814079036882,2.456451416015625,2.456329345703125
-6.416616036637554,0.19323412486750113,2.428375244140625,2.428497314453125
-6.45184270663664,0.1964351276720342,2.400543212890625,2.400421142578125
-6.461081907512291,0.19313889724571676,2.372589111328125,2.372589111328125
-6.463765658995629,0.20005943316155006,2.344635009765625,2.344757080078125
-6.497602304577884,0.18618080984265917,2.316680908203125,2.316680908203125
-6.50943043668294,0.17590774031323242,2.288848876953125,2.288848876953125
-6.506388901287027,0.20002727257650132,2.260894775390625,2.261016845703125
-6.544461363628363,0.1931343142638614,2.233062744140625,2.232940673828125
-6.54254314351425,0.18618628958019245,2.205108642578125,2.205108642578125
-6.534965253588824,0.1932181645350305,2.177276611328125,2.177276611328125
-6.579488938269226,0.19312325422964471,2.149322509765625,2.149200439453125
-6.597770622517742,0.2034382689471358,2.121490478515625,2.121368408203125
-6.5954851378344435,0.20695597876586846,2.093536376953125,2.093658447265625
-6.616431986703231,0.19305038215505077,2.065582275390625,2.065582275390625
-6.625553836185731,0.21043720928533527,2.037750244140625,2.037750244140625
-6.643833555878276,0.21730369933124327,2.009796142578125,2.009918212890625
-6.666343489036964,0.18955804787502917,1.981964111328125,1.981964111328125
-6.684214241606379,0.21034419821172168,1.954132080078125,1.954132080078125
-6.706706166521137,0.19649856000676613,1.926177978515625,1.926300048828125
-6.722216358917672,0.20011127375715876,1.898345947265625,1.898223876953125
-6.753126672572154,0.2103585741839864,1.870513916015625,1.870513916015625
-6.747447996489449,0.21721930122204436,1.842559814453125,1.842681884765625
-6.7683990971774355,0.22066458678534573,1.814727783203125,1.814727783203125
-6.791985111283064,0.20689045745847245,1.786895751953125,1.786895751953125
-6.7747543316951795,0.20698903954071846,1.758941650390625,1.759185791015625
-6.809902013165838,0.20687399288814035,1.731231689453125,1.731109619140625
-6.816240470558236,0.217332954736139,1.703399658203125,1.703399658203125
-6.837167659355374,0.1897569291571346,1.675445556640625,1.675567626953125
-6.8802522445569245,0.2207375124415697,1.647613525390625,1.647613525390625
-6.893708970253301,0.20341097341631864,1.619903564453125,1.619781494140625
-6.8981700324516115,0.2172746948390354,1.591949462890625,1.592071533203125
-6.945492112822237,0.20341983565963995,1.564117431640625,1.564117431640625
-6.932819549420495,0.23451449813424075,1.536407470703125,1.536407470703125
-6.91591716353156,0.22425082889448877,1.508453369140625,1.508575439453125
-6.987595460334543,0.22074429171673815,1.480621337890625,1.480621337890625
-7.0012847834969065,0.21040804822458026,1.452911376953125,1.452789306640625
-6.979541556676962,0.2345604334603848,1.424957275390625,1.425079345703125
-6.998495489510214,0.22753809190446306,1.397247314453125,1.397125244140625
-7.032494672052108,0.2000675620677803,1.369415283203125,1.369415283203125
-7.036335618744757,0.22763519802146093,1.341583251953125,1.341705322265625
-7.064945034225111,0.22416643087665766,1.313751220703125,1.313751220703125
-7.092739753706304,0.22071828657682524,1.286041259765625,1.286041259765625
-7.0675485519777155,0.2207414372080666,1.258209228515625,1.258331298828125
-7.116170284964131,0.24134501127804198,1.230377197265625,1.230377197265625
-7.118889077614668,0.2276544881036694,1.202667236328125,1.202545166015625
-7.0967089323686,0.22079580289459955,1.174713134765625,1.174957275390625
-7.13205011452275,0.23793090405370376,1.147003173828125,1.147003173828125
-7.210273176872631,0.22409237190256348,1.119293212890625,1.119171142578125
-7.147398625233617,0.23444785894428732,1.091461181640625,1.091583251953125
-7.195411070740816,0.21731017136768593,1.063629150390625,1.063629150390625
-7.201764126933016,0.24827048892947579,1.035919189453125,1.035919189453125
-7.255620200974042,0.22753731843634672,1.008087158203125,1.008209228515625
-7.224463417250916,0.23451508172549396,0.980377197265625,0.980377197265625
-7.300086297119584,0.23092067879070832,0.952667236328125,0.952545166015625
-7.288633917067711,0.24834468844439261,0.924835205078125,0.924957275390625
-7.3215363976259935,0.23796701423179334,0.897003173828125,0.897003173828125
-7.306118365788472,0.22412854171167973,0.869415283203125,0.869293212890625
-7.305313614624541,0.24835933736158522,0.841583251953125,0.841705322265625
-7.328377635379089,0.2345219756039596,0.813751220703125,0.813751220703125
-7.366009967217501,0.24142982445002892,0.786163330078125,0.786041259765625
-7.341215550818454,0.24833435768129541,0.758209228515625,0.758453369140625
-7.377558192549152,0.25174807532642574,0.730621337890625,0.730499267578125
-7.412190253206242,0.23451207532568064,0.702911376953125,0.702911376953125
-7.43228531118884,0.24142398493706663,0.675201416015625,0.675201416015625
-7.451941576394605,0.24145007951126518,0.647369384765625,0.647369384765625
-7.446007083058677,0.262044962967112,0.619781494140625,0.619659423828125
-7.452811589084161,0.25866682223026627,0.591949462890625,0.592071533203125
-7.490857759978377,0.24488193070097053,0.564117431640625,0.564239501953125
-7.483642736577279,0.26205643404800893,0.532623291015625,0.540435791015625
-7.519885933671997,0.24148356123945647,0.505523681640625,0.512115478515625
-7.533283217685791,0.26548720596814734,0.478424072265625,0.483673095703125
-7.557141010038115,0.2621124710636371,0.451324462890625,0.455596923828125
-7.563537154491354,0.25178206531002123,0.423858642578125,0.427520751953125
-7.570374813819338,0.2517843365392439,0.396514892578125,0.399322509765625
-7.594302617584791,0.244898953535313,0.393707275390625,0.393585205078125
-7.576776017698586,0.2621352634653793,0.393585205078125,0.393707275390625
