-0.2979718816101973,-16.68685145899132,27.924346923828125,1.202056884765625
-0.3048585338269181,-16.70120840872797,27.924346923828125,1.202301025390625
-0.2979805226718364,-16.664927095646792,27.924224853515625,1.202423095703125
-0.31173675981828103,-16.69641460194024,27.924224853515625,1.202423095703125
-0.30486939108962063,-16.67599512351947,27.924224853515625,1.202423095703125
-0.2877067776025573,-16.661393313621357,27.924346923828125,1.202423095703125
-0.28427632746555503,-16.663665105782936,27.924224853515625,1.202423095703125
-0.3048819511580262,-16.680024002949327,27.924224853515625,1.202423095703125
-0.3048573263998536,-16.693646210975235,27.924346923828125,1.202423095703125
-0.294584134931622,-16.6878470521904,27.924224853515625,1.202423095703125
-0.2945390461235854,-16.666451420563845,27.924224853515625,1.202423095703125
-0.30487060127929627,-16.683558595654592,27.924346923828125,1.202423095703125
-0.30142761259383877,-16.68608532366454,27.924224853515625,1.202423095703125
-0.30142534443859725,-16.670962593168102,27.924224853515625,1.202423095703125
-0.2979972051289744,-16.68180189661751,27.924346923828125,1.202423095703125
-0.3048481574476334,-16.70146073011349,27.924224853515625,1.202423095703125
-0.3322779929671867,-16.688343951777817,27.924224853515625,1.202423095703125
-0.30486649739699073,-16.685829078843888,27.924346923828125,1.202423095703125
-0.30144141931093416,-16.69440135863168,27.924224853515625,1.202423095703125
-0.31169981829585314,-16.667940753720828,27.924224853515625,1.202423095703125
-0.31171312782044414,-16.686082202187386,27.924346923828125,1.202423095703125
-0.291148971259083,-16.678269653130876,27.924224853515625,1.202423095703125
-0.29456961805936865,-16.678525556447386,27.924224853515625,1.202423095703125
-0.2842862855360445,-16.679534657516186,27.924346923828125,1.202423095703125
-0.30486842667109376,-16.679273223877264,27.919952392578125,1.206573486328125
-0.2945556895441905,-16.655098554959043,27.912017822265625,1.214385986328125
-0.3082997502751121,-16.67271586776473,27.904693603515625,1.221954345703125
-0.3288410467382129,-16.650543711148853,27.897003173828125,1.229644775390625
-0.28771109134843476,-16.663405002473766,27.889190673828125,1.237335205078125
-0.28084949542809184,-16.635439435317654,27.881011962890625,1.245269775390625
-0.3084007562841038,-16.688828402540565,27.873077392578125,1.253204345703125
-0.2911315543668079,-16.617042929954437,27.865631103515625,1.261138916015625
-0.26370967149536906,-16.605208763061498,27.857574462890625,1.268951416015625
-0.27743525562349824,-16.590274665187156,27.849639892578125,1.277008056640625
-0.29457385070550474,-16.59054473603886,27.841339111328125,1.285064697265625
-0.2842792964599361,-16.6006550756951,27.833038330078125,1.293243408203125
-0.2979966510980264,-16.566864493609454,27.825225830078125,1.301177978515625
-0.28428033186344537,-16.58326161437232,27.817047119140625,1.309478759765625
-0.2774224324928963,-16.560589128968605,27.808868408203125,1.317779541015625
-0.28086244821364903,-16.556750563366023,27.800323486328125,1.326080322265625
-0.28770810041633427,-16.525798251238562,27.791778564453125,1.334503173828125
-0.3083074840500961,-16.54234098721935,27.783721923828125,1.342926025390625
-0.267135355745095,-16.506700368580187,27.775299072265625,1.351226806640625
-0.28428973454769263,-16.519950737756645,27.766754150390625,1.359771728515625
-0.2808623739792343,-16.510109193652145,27.758087158203125,1.368316650390625
-0.30143675933487557,-16.48842474253761,27.749176025390625,1.376983642578125
-0.27056999629815237,-16.484446785234766,27.740997314453125,1.385894775390625
-0.29112821289063834,-16.479466184502773,27.732330322265625,1.394317626953125
-0.27742337940019024,-16.47161861243811,27.723541259765625,1.402984619140625
-0.3082744550092392,-16.424987394689644,27.714385986328125,1.411895751953125
-0.27397956180372357,-16.431474364001936,27.705474853515625,1.421051025390625
-0.3048704444110806,-16.42537167863914,27.696929931640625,1.429840087890625
-0.27399086185899235,-16.38951771082798,27.687896728515625,1.438873291015625
-0.28085015951889253,-16.39576882148356,27.678863525390625,1.447662353515625
-0.29457308946009,-16.39316427142479,27.669464111328125,1.456939697265625
-0.32543396172387046,-16.38658933833845,27.660552978515625,1.466217041015625
-0.33232460188167,-16.393521140612588,27.651519775390625,1.475128173828125
-0.3185724581177847,-16.34980590211248,27.642120361328125,1.484405517578125
-0.2705666776484551,-16.349148036171233,27.632965087890625,1.493560791015625
-0.2602836360428532,-16.331748750455656,27.623199462890625,1.503204345703125
-0.32548075740604954,-16.339978780615606,27.614166259765625,1.512603759765625
-0.3254773056925315,-16.32486087250973,27.604766845703125,1.521881103515625
-0.2637115952704705,-16.306795404378914,27.595123291015625,1.531402587890625
-0.27056786270923966,-16.27855766508971,27.585235595703125,1.541046142578125
-0.30146477142215994,-16.29003569675941,27.575958251953125,1.550445556640625
-0.27741422882758604,-16.261824517351045,27.566314697265625,1.560333251953125
-0.2671386092561217,-16.28085775734767,27.556549072265625,1.570098876953125
-0.27742239441056643,-16.252620307356658,27.546417236328125,1.579864501953125
-0.31516886845436953,-16.252582046003862,27.536651611328125,1.589996337890625
-0.27742206973570205,-16.23095174659116,27.527008056640625,1.599639892578125
-0.26371267811349813,-16.207959877611955,27.516998291015625,1.609527587890625
-0.28086342701935113,-16.20628626217474,27.506744384765625,1.619537353515625
-0.31858729625216936,-16.188864762049988,27.496490478515625,1.629913330078125
-0.27056946955844313,-16.179717705936923,27.486846923828125,1.640045166015625
-0.2568566394150282,-16.15147588469735,27.476470947265625,1.650054931640625
-0.3014351453425458,-16.17278799568555,27.466094970703125,1.660308837890625
-0.3082382468492233,-16.113841542933564,27.455474853515625,1.670928955078125
-0.30142086461826595,-16.117988739151226,27.445587158203125,1.681427001953125
-0.27055843578096034,-16.102656835560868,27.435089111328125,1.691436767578125
-0.2877306846215646,-16.113614886168463,27.424346923828125,1.702056884765625
-0.2568546896678565,-16.085861555283106,27.413604736328125,1.712921142578125
-0.27056817285758294,-16.071370678556917,27.403350830078125,1.723541259765625
-0.29114884303003674,-16.072940382855748,27.392730712890625,1.733917236328125
-0.2568518047060826,-16.046574004910124,27.381500244140625,1.744903564453125
-0.28429638678787417,-16.06502015718386,27.370880126953125,1.755767822265625
-0.2877278363852807,-16.019344149041167,27.360137939453125,1.766754150390625
-0.3220251005634175,-16.033463524478552,27.349151611328125,1.777374267578125
-0.2568545605082489,-15.992634815258343,27.337799072265625,1.788482666015625
-0.29117030018757534,-15.9959252626261,27.326934814453125,1.799346923828125
-0.2945844320478339,-15.971729376730975,27.316070556640625,1.810699462890625
-0.2980216187978876,-15.95294919217672,27.304718017578125,1.821807861328125
-0.25342849321869393,-15.923563245940128,27.293121337890625,1.833160400390625
-0.27057061245637476,-15.926852428870527,27.282135009765625,1.844390869140625
-0.2568593208102204,-15.89354088947473,27.270782470703125,1.855743408203125
-0.3048469634666015,-15.906542731946244,27.259185791015625,1.867218017578125
-0.2602829996952092,-15.873092465481191,27.247344970703125,1.879058837890625
-0.28428511228048775,-15.873641479554406,27.236236572265625,1.890655517578125
-0.28773602358234784,-15.854986651942417,27.224517822265625,1.902008056640625
-0.30485275278847074,-15.836884633926745,27.212432861328125,1.913848876953125
-0.2568589603478355,-15.842645649856104,27.200836181640625,1.925201416015625
-0.26714587879625573,-15.823306027020974,27.189117431640625,1.937530517578125
-0.3014854484913314,-15.82450138752681,27.177154541015625,1.949371337890625
-0.2328646343235274,-15.784534165557103,27.164825439453125,1.961700439453125
-0.26713987544728346,-15.781771867498533,27.153228759765625,1.973785400390625
-0.26028707004073015,-15.758293812042202,27.141021728515625,1.985504150390625
-0.3048783896690158,-15.744677976495227,27.128326416015625,1.997955322265625
-0.25,-15.726226731133876,27.116363525390625,2.010162353515625
-0.25342835848285944,-15.697974538338704,27.104156494140625,2.022491455078125
-0.270580798500968,-15.706533487977163,27.091461181640625,2.034942626953125
-0.2980368937203498,-15.693853725168806,27.078765869140625,2.047393798828125
-0.24314248718367915,-15.674914269906798,27.066680908203125,2.060089111328125
-0.24657186177896157,-15.661235136288438,27.053985595703125,2.072540283203125
-0.2808702622387085,-15.638210254978711,27.040802001953125,2.085479736328125
-0.2911762484840279,-15.648142251864611,27.028594970703125,2.098297119140625
-0.25685859766956937,-15.606161299270772,27.015777587890625,2.110748291015625
-0.23628020545015366,-15.580730909353056,27.002471923828125,2.123809814453125
-0.2980038840517352,-15.557635857620138,26.989776611328125,2.137115478515625
-0.27400806271791256,-15.568949899565231,26.976715087890625,2.149810791015625
-0.24314370965324503,-15.536448836572998,26.963287353515625,2.162994384765625
-0.2671457976946788,-15.527024947727599,26.950225830078125,2.175933837890625
-0.2740078622797152,-15.508177184469682,26.937164306640625,2.189605712890625
-0.28773748659940557,-15.487901038577897,26.923492431640625,2.202911376953125
-0.2568556642660221,-15.467234833210464,26.909942626953125,2.216217041015625
-0.26028696103433274,-15.46202726484375,26.896881103515625,2.229888916015625
-0.26371853153904573,-15.436572120586705,26.882965087890625,2.243316650390625
-0.3151094416314026,-15.426766628401461,26.869171142578125,2.256988525390625
-0.2602890667953292,-15.433272812764322,26.855865478515625,2.270904541015625
-0.25,-15.390437163762506,26.841705322265625,2.284576416015625
-0.3049164919236248,-15.406307565825989,26.827667236328125,2.298248291015625
-0.29456453216387607,-15.354214298097073,26.814117431640625,2.312652587890625
-0.2294317511217208,-15.354218145851693,26.799835205078125,2.326568603515625
-0.26371947843873084,-15.334329243660408,26.785552978515625,2.340606689453125
-0.2774430086949429,-15.329584658725883,26.771759033203125,2.354888916015625
0.594247967069964,-15.311224448703776,26.757110595703125,2.369049072265625
-0.25685637996216437,-15.269448425784743,26.742828369140625,2.383697509765625
-0.28429422949468963,-15.246734861977828,26.728668212890625,2.397857666015625
-0.25343088668819924,-15.235770940382336,26.713775634765625,2.412384033203125
-0.22943266287273667,-15.211084603345167,26.699249267578125,2.426788330078125
-0.25343017425836367,-15.214632223891636,26.684844970703125,2.441802978515625
-0.2465705705818239,-15.182670812613084,26.669708251953125,2.456573486328125
-0.3014882937780271,-15.161587597311087,26.655181884765625,2.471466064453125
-0.25686365318491305,-15.179588733736939,26.640411376953125,2.486236572265625
-0.3186457730547069,-15.13898139188634,26.625396728515625,2.501495361328125
-0.20884722974325523,-15.107769034765457,26.610260009765625,2.516632080078125
-0.2397128278213497,-15.102635011491454,26.594879150390625,2.531524658203125
-0.2774556763664921,-15.094715796330338,26.579376220703125,2.546905517578125
-0.2705910272837181,-15.076347426492749,26.564605712890625,2.562286376953125
-0.29118452606644946,-15.038129133634476,26.548614501953125,2.577667236328125
0.5933588450978527,-15.016688600436696,26.533355712890625,2.592926025390625
-0.22942866547949667,-15.004267159395932,26.517974853515625,2.608551025390625
-0.2534307386561475,-14.975176141149111,26.501983642578125,2.624176025390625
-0.30490535320420575,-14.975499545171742,26.486480712890625,2.640289306640625
-0.21570608773081476,-14.94053674159542,26.470733642578125,2.655792236328125
-0.22598858156251717,-14.930028669059784,26.454376220703125,2.671783447265625
-0.29119530404025223,-14.931892356463358,26.438873291015625,2.688140869140625
-0.2671572407269512,-14.893038701364823,26.422393798828125,2.703887939453125
-0.21913333916980862,-14.874066731427659,26.406158447265625,2.719879150390625
-0.22255475332234578,-14.850302695828494,26.390289306640625,2.736236572265625
-0.21570263248413538,-14.828344009142162,26.373687744140625,2.752960205078125
-0.27746024098302796,-14.826817944696426,26.357452392578125,2.769439697265625
-0.20883024215651752,-14.762135852410768,26.340484619140625,2.785675048828125
-0.2397055016305275,-14.772353759389276,26.323760986328125,2.802032470703125
-0.28090508071039355,-14.768980991658745,26.307647705078125,2.819000244140625
-0.2603004407812261,-14.742192325804215,26.290557861328125,2.836090087890625
-0.21569518404676086,-14.703776548211138,26.273956298828125,2.852935791015625
-0.22598843818172004,-14.667085456764612,26.256622314453125,2.869659423828125
-0.2534336356539991,-14.693099883701432,26.239532470703125,2.886749267578125
-0.19512486645686292,-14.646954593728442,26.222686767578125,2.903839111328125
-0.19514257459668152,-14.610034507509342,26.204986572265625,2.921295166015625
-0.24313779062564408,-14.585787229531396,26.188140869140625,2.938751220703125
-0.2259922645615203,-14.568752143542687,26.170196533203125,2.955963134765625
-0.27747278637950396,-14.584948178654361,26.152984619140625,2.973541259765625
-0.19856258769246557,-14.534503503893879,26.135406494140625,2.990997314453125
-0.22598049723698835,-14.530089636575134,26.117340087890625,3.008453369140625
-0.26372897525380257,-14.487861954685838,26.100006103515625,3.026641845703125
-0.2739962478521358,-14.458545494214006,26.082183837890625,3.044708251953125
-0.2088381774287867,-14.485675445428155,26.064117431640625,3.062774658203125
-0.23627204589607667,-14.437018178929707,26.045562744140625,3.080474853515625
-0.2602976319230126,-14.428822025295716,26.027618408203125,3.098785400390625
-0.19852939596339916,-14.395253837256785,26.009429931640625,3.116851806640625
-0.21570892965156513,-14.36398095849577,25.990753173828125,3.135284423828125
-0.25343305020352863,-14.356493395943904,25.972808837890625,3.153717041015625
-0.2637303153183532,-14.318927776678429,25.953765869140625,3.172149658203125
-0.18827329588153438,-14.28665248344648,25.935699462890625,3.191314697265625
-0.21226776622577403,-14.294324412663672,25.916778564453125,3.209869384765625
-0.25,-14.256546733600011,25.898101806640625,3.228912353515625
-0.24656657716861696,-14.251640787472205,25.878570556640625,3.247589111328125
-0.19511658051914962,-14.198643367809124,25.859893798828125,3.266632080078125
-0.236274925336269,-14.185506691308406,25.840606689453125,3.285675048828125
-0.25,-14.16079343886747,25.821197509765625,3.304595947265625
-0.26028952366569835,-14.154498261031996,25.802276611328125,3.324249267578125
-0.19510547433767378,-14.113045569213746,25.782379150390625,3.343292236328125
-0.23627274201631585,-14.09569815084676,25.763336181640625,3.363189697265625
-0.24313326140192426,-14.077586343787942,25.743316650390625,3.382843017578125
-0.24656991774221862,-14.070508349109378,25.724029541015625,3.402496337890625
-0.19165776898192968,-14.021620172123722,25.703887939453125,3.422149658203125
-0.25,-13.99503459601391,25.684356689453125,3.442535400390625
-0.2328391831155982,-13.976705375914866,25.664215087890625,3.462554931640625
-0.19512190886036143,-13.945693337912909,25.644195556640625,3.482696533203125
-0.19510984689390187,-13.924127734087689,25.623565673828125,3.502838134765625
-0.236274849136532,-13.90920880598238,25.603546142578125,3.523345947265625
-0.25,-13.896949626281808,25.583038330078125,3.543731689453125
-0.1779604137515829,-13.83841042368058,25.562530517578125,3.564117431640625
-0.20539234561190123,-13.820993722044847,25.542266845703125,3.584747314453125
-0.20882835168303082,-13.748577734167934,25.521026611328125,3.605499267578125
-0.20539546911267612,-13.766889646528425,25.499908447265625,3.626129150390625
-0.22253548049246735,-13.750313647901745,25.479522705078125,3.647369384765625
-0.2225330801279131,-13.744494613395815,25.457916259765625,3.668365478515625
-0.18824962425867622,-13.690317549520238,25.437286376953125,3.689605712890625
-0.215679274107515,-13.689514493729856,25.415802001953125,3.710723876953125
-0.19512827858750006,-13.636236899149592,25.394683837890625,3.732208251953125
-0.23283214563960092,-13.632079008696461,25.372833251953125,3.753692626953125
-0.1985465744366248,-13.586320538807042,25.351593017578125,3.775177001953125
-0.21225269756055137,-13.56716121728601,25.329620361328125,3.796661376953125
-0.24656663285847766,-13.54631031001428,25.308135986328125,3.818634033203125
-0.2225350829652482,-13.520503037055956,25.285797119140625,3.840362548828125
-0.19851613757247252,-13.463921396562126,25.264312744140625,3.862335205078125
-0.18481651158213908,-13.454010744776383,25.241729736328125,3.884429931640625
-0.22596162805986628,-13.457172673955798,25.219879150390625,3.906646728515625
-0.25343389370825925,-13.410542796741323,25.197174072265625,3.928619384765625
-0.1985216792844211,-13.374044952652074,25.175079345703125,3.951324462890625
-0.18477059358633666,-13.34730156951196,25.152374267578125,3.973785400390625
-0.22939163647164068,-13.353839583531842,25.129669189453125,3.996490478515625
-0.24314426689091534,-13.258794226519672,25.107208251953125,4.019317626953125
-0.1916389945901143,-13.269046027602677,25.084381103515625,4.042388916015625
-0.22596733097946867,-13.238216723690512,25.061553955078125,4.065338134765625
-0.23281831411257806,-13.24369225854668,25.037994384765625,4.088409423828125
-0.1573461360172686,-13.203429414086616,25.015411376953125,4.111358642578125
-0.19507688104812376,-13.144193398205415,24.991485595703125,4.134674072265625
-0.16082144776107243,-13.129602590878308,24.968658447265625,4.157989501953125
-0.22596781678213884,-13.096666814746568,24.944610595703125,4.181182861328125
-0.19506330472355288,-13.055795704454663,24.921173095703125,4.205108642578125
-0.2225256243405796,-13.062337031943168,24.897613525390625,4.229034423828125
-0.18821213748848975,-12.999327458751047,24.873565673828125,4.252960205078125
-0.19510076308083718,-12.982954650507699,24.850006103515625,4.276885986328125
-0.20533910712571166,-12.996313072206622,24.825347900390625,4.300445556640625
-0.2087910485805732,-12.959087290098378,24.801544189453125,4.324981689453125
-0.16421797969810806,-12.88805163578932,24.777130126953125,4.349151611328125
-0.19162936267356087,-12.875901898731593,24.752471923828125,4.373565673828125
-0.21566007477222704,-12.845826499152858,24.728546142578125,4.398345947265625
-0.1847248163893595,-12.841298038937534,24.703399658203125,4.422637939453125
-0.16763488425191234,-12.770548839420385,24.679107666015625,4.447662353515625
-0.1847482005026288,-12.748283363144314,24.653839111328125,4.472198486328125
-0.19845943797449767,-12.730336127530077,24.628814697265625,4.497344970703125
-0.1299237752855576,-12.685102943068,24.604034423828125,4.522369384765625
-0.22937224946299845,-12.69897877083595,24.579132080078125,4.547393798828125
-0.19854071431672704,-12.603611209687736,24.553741455078125,4.572906494140625
-0.1641532764697658,-12.612618498181597,24.527862548828125,4.598175048828125
-0.17104300650238757,-12.559610402042921,24.502227783203125,4.623809814453125
-0.1984662708960396,-12.534612135566686,24.477081298828125,4.649688720703125
-0.1470659774016118,-12.489411142465455,24.450714111328125,4.674957275390625
-0.17102117293065633,-12.475180404938245,24.425323486328125,4.701202392578125
-0.19162755322322755,-12.44276461104083,24.399200439453125,4.727203369140625
-0.14702568446248948,-12.406527161378332,24.372833251953125,4.753570556640625
-0.13327660485784834,-12.380501030524366,24.347076416015625,4.779693603515625
-0.16755486268569228,-12.360553063003277,24.320098876953125,4.805694580078125
-0.17782603070411962,-12.317424235857622,24.293731689453125,4.832427978515625
-0.1949995055900386,-12.298822836954272,24.267730712890625,4.859039306640625
-0.13327575668204802,-12.25389703218632,24.240386962890625,4.885650634765625
-0.17441297410617787,-12.225316101670082,24.214019775390625,4.912384033203125
-0.17100232462391532,-12.196598518625033,24.187164306640625,4.939483642578125
-0.1675054193303478,-12.192174704099834,24.159576416015625,4.966339111328125
-0.13330657520247646,-12.116868671920303,24.132965087890625,4.993560791015625
-0.13326715591462573,-12.093031320249098,24.105499267578125,5.021026611328125
-0.18127729976338064,-12.071775277592119,24.078155517578125,5.048126220703125
-0.19503152650356714,-12.037878764542867,24.050689697265625,5.075836181640625
-0.1298319008530557,-11.977212154052044,24.022979736328125,5.103546142578125
-0.15377851945707344,-11.98155786670077,23.994903564453125,5.131378173828125
-0.18126465724833082,-11.943904488763778,23.967559814453125,5.159088134765625
-0.1813828037017705,-11.880215697925001,23.939361572265625,5.187164306640625
-0.14689484858559754,-11.873806625739764,23.911041259765625,5.215240478515625
-0.15033144914283447,-11.824600056974907,23.883087158203125,5.243438720703125
-0.17778773546718843,-11.813630425027817,23.854644775390625,5.272003173828125
-0.160697897799624,-11.746558298882938,23.825836181640625,5.299957275390625
-0.15036042563936647,-11.722575015700425,23.797515869140625,5.328887939453125
-0.1778625723167444,-11.681311892508575,23.769073486328125,5.357818603515625
-0.1468982334479117,-11.687056201326289,23.739654541015625,5.386383056640625
-0.1298471350580452,-11.620881928647265,23.710845947265625,5.415313720703125
-0.1229873324557833,-11.567656566292062,23.682281494140625,5.444610595703125
-0.15375507965168467,-11.54157324411947,23.652618408203125,5.473541259765625
-0.15034668390395184,-11.520496097018459,23.623321533203125,5.503082275390625
-0.12298018182475531,-11.452559831992623,23.594268798828125,5.532379150390625
-0.06133042908608913,-11.425874087111827,23.564361572265625,5.561920166015625
-0.1537848253782501,-11.4254605495067,23.534576416015625,5.591461181640625
-0.14693446409964503,-11.366728106044135,23.504913330078125,5.621368408203125
-0.08519742808966824,-11.334767469376338,23.475372314453125,5.651275634765625
-0.14692164977268563,-11.315571314437571,23.444854736328125,5.681060791015625
-0.1400259407983327,-11.272520281183962,23.414825439453125,5.711700439453125
-0.13658061564660506,-11.217274219909644,23.384918212890625,5.741729736328125
-0.10927995181538297,-11.17644976622975,23.354278564453125,5.772247314453125
-0.1537659317696389,-11.150548323428882,23.323394775390625,5.802398681640625
-0.14343623981812087,-11.135081588654026,23.292755126953125,5.833404541015625
-0.16076324130511974,-11.074829813742992,23.262603759765625,5.864044189453125
-0.10232755013066286,-11.025738149040267,23.231475830078125,5.895172119140625
-0.14692887011722877,-10.992117151406134,23.200103759765625,5.925689697265625
-0.14350939492659304,-10.9658292882076,23.169097900390625,5.957061767578125
-0.1573219734635292,-10.925400442181315,23.138336181640625,5.988311767578125
-0.14009743993616397,-10.886337087018008,23.106719970703125,6.019683837890625
-0.17436549836307874,-10.859354955932723,23.074859619140625,6.050933837890625
-0.15719669821917567,-10.81824224142755,23.043243408203125,6.082794189453125
-0.08526700991179118,-10.762485412770479,23.012115478515625,6.114410400390625
-0.09898244709470105,-10.738921895826694,22.980133056640625,6.146514892578125
-0.13659958829735339,-10.72457942124139,22.947784423828125,6.178009033203125
-0.14001310779173173,-10.663875631442808,22.915924072265625,6.210479736328125
-0.09550817802178993,-10.605559814597482,22.883941650390625,6.242584228515625
-0.10573499951628978,-10.583181508472132,22.851593017578125,6.275177001953125
-0.1503334539412897,-10.56482139915125,22.818634033203125,6.307159423828125
-0.12628103157318418,-10.522364545653645,22.786041259765625,6.339996337890625
-0.09548025455850387,-10.443207517155171,22.753448486328125,6.372711181640625
-0.12289079733274605,-10.43087411307651,22.721099853515625,6.405426025390625
-0.12626262699037805,-10.405013414808195,22.688140869140625,6.438385009765625
-0.13310836055268066,-10.38668748914806,22.654693603515625,6.471466064453125
-0.11947489341887477,-10.310358409558852,22.621490478515625,6.504913330078125
-0.1262875448898947,-10.262905676270886,22.588165283203125,6.538116455078125
-0.13999277556492526,-10.224914916777983,22.555084228515625,6.571563720703125
-0.12281686345540044,-10.19935778357393,22.521514892578125,6.605133056640625
-0.119419542586235,-10.14363432797377,22.487579345703125,6.638702392578125
-0.11253937578761827,-10.126738887109791,22.453643798828125,6.672515869140625
-0.1331561014281717,-10.064046450528851,22.419952392578125,6.706329345703125
-0.12283195616197157,-10.047767554928187,22.386260986328125,6.740386962890625
-0.08176493636427912,-9.956392577863387,22.351959228515625,6.774688720703125
-0.1296861965268398,-9.958629434239361,22.317413330078125,6.808746337890625
-0.11940159510894255,-9.910967335875577,22.282745361328125,6.843048095703125
-0.06792616473180801,-9.850714876845583,22.248321533203125,6.877716064453125
-0.09882649371390181,-9.813541041961647,22.214141845703125,6.912384033203125
-0.09889736575783681,-9.749387398830878,22.179595947265625,6.947174072265625
-0.09877818590464238,-9.750494365456339,22.144683837890625,6.982086181640625
-0.06797335838950969,-9.68054658384495,22.109283447265625,7.016998291015625
-0.09874889652909441,-9.66867930209988,22.073883056640625,7.051910400390625
-0.10909514808284854,-9.627857494583713,22.038726806640625,7.087554931640625
-0.09190127602061085,-9.58663807256468,22.003448486328125,7.122711181640625
-0.057655430872823654,-9.517392423733282,21.968536376953125,7.158111572265625
-0.05073376445314576,-9.47119181053342,21.932891845703125,7.193756103515625
-0.12280811151307372,-9.421165250889587,21.897003173828125,7.229400634765625
-0.08151804280480932,-9.385051680186644,21.860992431640625,7.265167236328125
-0.10561240002744329,-9.383310232896896,21.824737548828125,7.301055908203125
-0.09861833933790257,-9.345662012156433,21.788726806640625,7.337432861328125
-0.07132638343238915,-9.270151718015946,21.752593994140625,7.373443603515625
-0.06767251169032834,-9.23646497619449,21.716827392578125,7.409698486328125
-0.07811293060085148,-9.184353949953634,21.680450439453125,7.446319580078125
-0.06456484983999505,-9.142437251810492,21.643951416015625,7.482818603515625
-0.06442389611280105,-9.090520699858653,21.607086181640625,7.519317626953125
-0.07458830107495859,-9.056623052666874,21.569976806640625,7.555938720703125
-0.07458836049291084,-9.014780478856805,21.532989501953125,7.592926025390625
-0.07478045457306037,-8.973035811608597,21.496002197265625,7.630035400390625
-0.05742797045366002,-8.911889833752609,21.459014892578125,7.667144775390625
-0.0712097819180676,-8.87913515634288,21.422149658203125,7.704376220703125
-0.07464680072266072,-8.833915170487936,21.384918212890625,7.741607666015625
-0.026670939866566767,-8.764574640695507,21.347442626953125,7.779205322265625
-0.047152110058076346,-8.746303420820878,21.309722900390625,7.816802978515625
-0.08829170971381645,-8.704237636642649,21.272125244140625,7.854522705078125
-0.07113334719305936,-8.684526068687768,21.234161376953125,7.892364501953125
-0.05410259154560737,-8.620993360507834,21.196197509765625,7.929962158203125
-0.06431556576958022,-8.5631046150636,21.157867431640625,7.968048095703125
-0.05739939771683952,-8.533597066884823,21.119781494140625,8.006500244140625
-0.06084595002694193,-8.481035105343917,21.081939697265625,8.044708251953125
-0.019774494780531615,-8.417673295591547,21.043243408203125,8.082916259765625
-0.050609011524833214,-8.383484610414715,21.004913330078125,8.121490478515625
-0.03336986920769128,-8.319433475124814,20.966583251953125,8.160064697265625
-0.05056354902596341,-8.298528911323904,20.927886962890625,8.198760986328125
0.02467214728722633,-8.222852057272572,20.889068603515625,8.237579345703125
-0.043753043612157705,-8.191389420611607,20.850128173828125,8.276641845703125
-0.06081715927053141,-8.15180884197848,20.810943603515625,8.315582275390625
-0.047021168308476,-8.104684472229199,20.771881103515625,8.354888916015625
-0.030007341331674015,-8.05914599928004,20.732452392578125,8.394073486328125
-0.0642870313628224,-8.004370484846643,20.693023681640625,8.433258056640625
-0.03330671404046451,-7.953314954904888,20.653472900390625,8.472808837890625
-0.047035177509426346,-7.919786323019826,20.613800048828125,8.512481689453125
-0.02309867029660964,-7.858878889052482,20.574005126953125,8.552032470703125
-0.03674314190919087,-7.82830567423165,20.534210205078125,8.591949462890625
-0.03330331029335851,-7.779660282868159,20.494293212890625,8.631866455078125
-0.03673559112957911,-7.717397883257432,20.454254150390625,8.671905517578125
-0.009240472495064156,-7.681875873715944,20.413970947265625,8.712066650390625
-0.00929815791553354,-7.606998752402539,20.373809814453125,8.752227783203125
-0.02296410246312358,-7.571932113174482,20.333648681640625,8.792633056640625
-0.03331734947247855,-7.535968096824623,20.293121337890625,8.833038330078125
-0.002460321546407046,-7.498102089452075,20.252593994140625,8.873565673828125
0.007925144455699362,-7.458637015002825,20.212066650390625,8.914215087890625
-0.009285617288572301,-7.3852307177971745,20.171417236328125,8.954986572265625
0.004413563036099355,-7.324520872622306,20.130645751953125,8.995880126953125
-0.057278221511123245,-7.28715917527755,20.089508056640625,9.036773681640625
-0.023037553283797058,-7.2257157685733056,20.048736572265625,9.077911376953125
0.007718322586602211,-7.209552879346038,20.007476806640625,9.119049072265625
0.011345047843726752,-7.15616063660745,19.966339111328125,9.160308837890625
0.0010086276928082394,-7.086186046473832,19.924835205078125,9.201690673828125
-0.016048462526641105,-7.045436877593656,19.883453369140625,9.243194580078125
0.011296945654823531,-6.998720260997421,19.841705322265625,9.284698486328125
0.011383825337219489,-6.931836606029579,19.800079345703125,9.326446533203125
0.0044681171810945775,-6.889157681456023,19.758453369140625,9.368194580078125
0.011447193156943425,-6.850388650395374,19.716583251953125,9.410064697265625
0.004450082221464036,-6.784654863453581,19.674591064453125,9.452056884765625
0.018279969181637656,-6.73816287770785,19.632476806640625,9.494049072265625
0.001200556339709613,-6.689521874305003,19.590118408203125,9.536285400390625
0.004593944276925888,-6.636184746016451,19.548004150390625,9.578521728515625
0.03537824296376718,-6.562443822677814,19.505645751953125,9.620880126953125
0.02190656057282403,-6.559295196748542,19.463165283203125,9.663360595703125
0.02522211313003847,-6.490241434259877,19.420562744140625,9.705841064453125
0.025294403804464516,-6.422740787574519,19.377716064453125,9.748443603515625
0.03892233059322853,-6.388318615881389,19.334869384765625,9.791290283203125
0.021712700035877497,-6.3222187449910106,19.292022705078125,9.834136962890625
0.03215736485833537,-6.280204951970751,19.249053955078125,9.876983642578125
0.021747701078100645,-6.229579096350382,19.206085205078125,9.920074462890625
0.025214102978567576,-6.181736946479354,19.163116455078125,9.963165283203125
0.028666257906700632,-6.130076144513284,19.119781494140625,10.006378173828125
0.10042726263300655,-6.034541286211752,19.077178955078125,10.049346923828125
0.004771203912876609,-6.03441803825336,19.033111572265625,10.092803955078125
0.05286621528766666,-5.962906770804579,18.990020751953125,10.136383056640625
0.045859318871174004,-5.897937134952048,18.946441650390625,10.179718017578125
0.028772961893444193,-5.8728450187065295,18.902984619140625,10.223541259765625
0.0495253081488794,-5.819583158720247,18.859283447265625,10.267242431640625
0.042559596834432,-5.772868879372474,18.815460205078125,10.310943603515625
0.04255222535835573,-5.689634905058365,18.771759033203125,10.355133056640625
0.028886303154563586,-5.657232473819602,18.727813720703125,10.398834228515625
0.056373370577698645,-5.59378440996047,18.683868408203125,10.443023681640625
0.03871751608843943,-5.543083795109973,18.639678955078125,10.486968994140625
0.045887556062769896,-5.490248811321578,18.595489501953125,10.531158447265625
0.03215498560757857,-5.4320694922415935,18.551177978515625,10.575347900390625
0.0595639021044308,-5.3745104921601685,18.506744384765625,10.619781494140625
0.06641470512837927,-5.356705524482122,18.462188720703125,10.664215087890625
0.08365270269257175,-5.284826278346806,18.417266845703125,10.708770751953125
0.05620288728815903,-5.227322894586545,18.372589111328125,10.753448486328125
0.06337751590466845,-5.208394676241387,18.328155517578125,10.798126220703125
0.08365842025905135,-5.098288927571949,18.283233642578125,10.842803955078125
0.07016119639923685,-5.078597364822163,18.238555908203125,10.887603759765625
0.07358620687482359,-5.002222940339328,18.193878173828125,10.932525634765625
0.08393577686952763,-4.9610894166576065,18.149078369140625,10.977569580078125
0.10106362919960798,-4.887189153416788,18.104034423828125,11.022613525390625
0.028905669407618573,-4.847986251488154,18.058868408203125,11.067657470703125
0.05295887831529844,-4.798719714065786,18.013824462890625,11.112823486328125
0.08719976622224268,-4.726739972784139,17.968536376953125,11.158111572265625
0.12146735509545242,-4.697163652183635,17.923126220703125,11.203521728515625
0.09066903608963411,-4.633893115707668,17.877227783203125,11.248809814453125
0.08740289252304245,-4.570847358365833,17.832305908203125,11.294464111328125
0.08399568194053403,-4.5402748968756566,17.786285400390625,11.340118408203125
0.08055363363440937,-4.457352607065007,17.740753173828125,11.385772705078125
0.0805489300923925,-4.426183559445759,17.695220947265625,11.431060791015625
0.09429758701936242,-4.391289903916186,17.649566650390625,11.477081298828125
0.1081709571333978,-4.320075983237207,17.603912353515625,11.522979736328125
0.06009054687006182,-4.228805508890866,17.558013916015625,11.568756103515625
0.06678093014382025,-4.163691631997659,17.512237548828125,11.614410400390625
0.0908554386678096,-4.135676321653386,17.466217041015625,11.660430908203125
0.10457218731002799,-4.072811170907629,17.419830322265625,11.706451416015625
0.12862706342121855,-4.020520484579973,17.373565673828125,11.752593994140625
0.10111229500298746,-3.9759178301848856,17.327545166015625,11.798858642578125
0.12166560809903659,-3.905706595170973,17.281158447265625,11.844879150390625
0.12861554176007212,-3.861601152255792,17.235137939453125,11.891510009765625
0.09787640062208447,-3.7989144478855947,17.188995361328125,11.937652587890625
0.09435451875180606,-3.7392725383844643,17.142730712890625,11.984161376953125
0.1322047798447048,-3.700981018955727,17.096221923828125,12.030426025390625
0.1285637236876051,-3.6367338215152167,17.049591064453125,12.076934814453125
0.13533706270605972,-3.5735023595552886,17.002716064453125,12.123443603515625
0.13551946495408568,-3.5305320749855142,16.955963134765625,12.170196533203125
0.13899325650259836,-3.4618445623955614,16.909332275390625,12.216705322265625
0.10809832732071184,-3.4110227071210817,16.862823486328125,12.263458251953125
0.1357821769477568,-3.360602840805425,16.816070556640625,12.310211181640625
0.1456286396835184,-3.276679570255101,16.769683837890625,12.357086181640625
0.14927090085608546,-3.2543996018973713,16.722808837890625,12.403717041015625
0.12527787214515446,-3.1760428008648565,16.675933837890625,12.450714111328125
0.14227565290576238,-3.129243648345493,16.628814697265625,12.497589111328125
0.14927372438090974,-3.0819917867387243,16.581695556640625,12.544830322265625
0.15276165836744038,-3.0306590189788154,16.534576416015625,12.592071533203125
0.15989956728524984,-2.9568678062813154,16.487579345703125,12.639068603515625
0.132271074419736,-2.9079410859510255,16.440826416015625,12.685943603515625
0.15977001556153692,-2.852331145418599,16.393707275390625,12.733062744140625
0.17728745700553128,-2.8097506653431252,16.346466064453125,12.780181884765625
0.16319950362881003,-2.7004823758083703,16.299224853515625,12.827423095703125
0.1735682298744496,-2.6662788174499865,16.251617431640625,12.874664306640625
0.1907275045438932,-2.6141460337221494,16.204376220703125,12.922149658203125
0.17703190532908863,-2.549172483443828,16.157012939453125,12.969512939453125
0.16342382268998218,-2.502072700492679,16.109771728515625,13.016876220703125
0.14270500335844022,-2.436190472385648,16.062530517578125,13.064239501953125
0.1564284243886172,-2.384073529798578,16.015289306640625,13.111358642578125
0.1838419102252819,-2.338352074417612,15.967803955078125,13.158843994140625
0.19053773559353082,-2.2785926508896943,15.920074462890625,13.206329345703125
0.1905657618814165,-2.1995157390195565,15.872467041015625,13.253936767578125
0.20464407636908194,-2.1702628928585144,15.824737548828125,13.301544189453125
0.19427961185287806,-2.1080281223419104,15.777496337890625,13.349151611328125
0.17372101696114595,-2.019006732642995,15.730010986328125,13.396636962890625
0.170268919795597,-1.960353050986829,15.682525634765625,13.444366455078125
0.20103945652387845,-1.9212261726942743,15.634796142578125,13.491851806640625
0.20097557485551676,-1.865772668106021,15.586822509765625,13.539581298828125
0.22117656899871962,-1.7775417349437865,15.539581298828125,13.587310791015625
0.17035673923653472,-1.7436110820689086,15.491485595703125,13.635284423828125
0.19453993940968578,-1.7025388482497443,15.443756103515625,13.682647705078125
0.2048348981382324,-1.6609626876552506,15.396270751953125,13.730743408203125
0.20818692770080888,-1.6019394022676434,15.348419189453125,13.778228759765625
0.17687656307986366,-1.4937313681158373,15.300567626953125,13.825958251953125
0.2217787608071467,-1.4598715153650712,15.252471923828125,13.873809814453125
0.21843763165638203,-1.3913569377264454,15.204620361328125,13.921783447265625
0.20816848088003548,-1.3571433579260113,15.156890869140625,13.969390869140625
0.24271785732061352,-1.305792770438042,15.109161376953125,14.017242431640625
0.20144435171269925,-1.2302273498535357,15.061431884765625,14.065216064453125
0.1671256309572618,-1.151469556227391,15.013580322265625,14.112945556640625
0.23228073293728513,-1.1193444253020766,14.965728759765625,14.160919189453125
0.21518210419270506,-1.0577118349567858,14.917388916015625,14.208770751953125
0.2427560482619513,-1.0163697009977208,14.869781494140625,14.256988525390625
0.22551349745658084,-0.9439503030184418,14.821685791015625,14.304351806640625
0.23939293207809315,-0.8993993547801694,14.774078369140625,14.352935791015625
0.2429140993939074,-0.8168504321553128,14.726348876953125,14.400421142578125
0.20137417631211635,-0.744004839352287,14.678375244140625,14.448272705078125
0.20808192967427286,-0.681539367275875,14.630401611328125,14.496246337890625
0.24252750025386904,-0.6505416417565283,14.582427978515625,14.544342041015625
0.2596963932085926,-0.5884337266036288,14.534210205078125,14.592315673828125
0.2255206521040799,-0.5579665430356181,14.486358642578125,14.640167236328125
0.22587101487711636,-0.5069410476084069,14.438751220703125,14.688262939453125
0.23622273133931143,-0.45177302774833483,14.390777587890625,14.735870361328125
0.2462187776747911,-0.3719095774774559,14.342926025390625,14.783721923828125
0.24269422510373617,-0.2787541007374412,14.294830322265625,14.831573486328125
0.27031973846927027,-0.2684962385945634,14.246978759765625,14.879547119140625
0.28072786025002994,-0.19620950527388248,14.198883056640625,14.927398681640625
0.273683786046671,-0.13401994665069117,14.151275634765625,14.975494384765625
0.22229493155174918,-0.07918990767620049,14.103424072265625,15.023468017578125
0.23272789250280057,-0.017213572514250042,14.055572509765625,15.071197509765625
0.25290511738579335,0.05899136116091641,14.007720947265625,15.118927001953125
0.2598580042858779,0.1175136895086607,13.959625244140625,15.166778564453125
0.28777290533859723,0.13801100548837109,13.911895751953125,15.214874267578125
0.25665997620995784,0.20009554247237082,13.863922119140625,15.262359619140625
0.28416886723276447,0.24836698635338406,13.816192626953125,15.310333251953125
0.2876807160981908,0.30349457564531923,13.768707275390625,15.358062744140625
0.2600788742620781,0.38966069987909957,13.720977783203125,15.405792236328125
0.2531860484958046,0.4551429762097189,13.673126220703125,15.453521728515625
0.2978550252142307,0.5137041019156402,13.625152587890625,15.501251220703125
0.2809462706932646,0.5551446066581817,13.577667236328125,15.548980712890625
0.3046753220612153,0.6411601286173246,13.529937744140625,15.596588134765625
0.24307862518741336,0.6827420440053081,13.482208251953125,15.644561767578125
0.23992243305769273,0.7484638577522026,13.434722900390625,15.692291259765625
0.2843827154403963,0.7999225782410629,13.387115478515625,15.739532470703125
0.29853098538325107,0.8622819289467479,13.339385986328125,15.787139892578125
0.3254664103640522,0.9031003771128762,13.291656494140625,15.834747314453125
0.31580550862632606,0.9520049419404933,13.244171142578125,15.882354736328125
0.31207766347126087,1.0241499227434065,13.196563720703125,15.929962158203125
0.32252067587462063,1.0656454053572872,13.149322509765625,15.977691650390625
0.29501971908178737,1.1485497463674568,13.101959228515625,16.025054931640625
0.2814043635956006,1.2281796098648474,13.054595947265625,16.072174072265625
0.37687647683274006,1.2714434026727552,13.007110595703125,16.119537353515625
0.2672153342571635,1.3241189132529207,12.959625244140625,16.166900634765625
0.33943331974586466,1.382419676045648,12.912384033203125,16.214385986328125
0.32260627311165413,1.4210699222167045,12.865020751953125,16.261871337890625
0.31576276255459357,1.4936266567298127,12.817779541015625,16.309234619140625
0.31913374747555767,1.5452235082572536,12.770782470703125,16.356109619140625
0.3119194346873868,1.603197258881171,12.723541259765625,16.403106689453125
0.32555297035274267,1.678708307759258,12.676422119140625,16.450225830078125
0.3082128861219242,1.7163747511111516,12.629180908203125,16.497344970703125
0.335829199795734,1.7923186326387426,12.582427978515625,16.544586181640625
0.33244567594956675,1.8234950852298835,12.535186767578125,16.591705322265625
0.32226431007860434,1.8825121777055744,12.488189697265625,16.638824462890625
0.34662347823948425,1.9624222550377275,12.441314697265625,16.685821533203125
0.3500990707493413,1.9935428033394174,12.394561767578125,16.732452392578125
0.3360750883967345,2.0550015263306807,12.347686767578125,16.779083251953125
0.349544515884778,2.154081974469246,12.300933837890625,16.825836181640625
0.39049099393389086,2.190874283108849,12.254058837890625,16.872589111328125
0.3154001269310056,2.251632901628064,12.207305908203125,16.919342041015625
0.35672427672946716,2.272180439580276,12.160797119140625,16.966217041015625
0.35696650230808835,2.3108835053170522,12.114044189453125,17.012725830078125
0.3570121937164409,2.3869464306252435,12.067535400390625,17.059356689453125
0.4178439164529696,2.476231489696513,12.021148681640625,17.105743408203125
0.3982820044278931,2.476291846902963,11.974761962890625,17.151885986328125
0.3327164024526662,2.6141456111793704,11.928375244140625,17.198394775390625
0.32928850287662403,2.6521808148536223,11.882110595703125,17.244659423828125
0.34662427476906743,2.680148159023346,11.835723876953125,17.291046142578125
0.370813883990768,2.7355510576972573,11.789459228515625,17.337188720703125
0.36041597913065115,2.7698725430807203,11.743316650390625,17.383453369140625
0.37801035745332645,2.826452936246141,11.697174072265625,17.429595947265625
0.37097198364481276,2.881164937737497,11.651153564453125,17.475860595703125
0.34674939869542143,2.967179830378051,11.605255126953125,17.521881103515625
0.36088677655976786,3.0238840190102376,11.559478759765625,17.567657470703125
0.37459330014207737,3.0683736497897165,11.513580322265625,17.613067626953125
0.39189580491145415,3.1203946513184206,11.467803955078125,17.658966064453125
0.3915150827466103,3.1809323606678213,11.422027587890625,17.704620361328125
0.3814446914964481,3.2339728861828236,11.376373291015625,17.750274658203125
0.39520671675450303,3.30288550616665,11.330841064453125,17.796173095703125
0.40173198393556064,3.3391919806772705,11.285186767578125,17.841705322265625
0.409185258300546,3.4038812736660504,11.239654541015625,17.887359619140625
0.395426255705309,3.4593978313518483,11.194244384765625,17.932647705078125
0.39167787877762283,3.5028947421843113,11.149078369140625,17.977935791015625
0.38493402611441296,3.5624079515828444,11.103912353515625,18.023223876953125
0.36754279879240725,3.6688216371549864,11.058746337890625,18.068267822265625
0.38833837861659815,3.6969572186046054,11.013580322265625,18.113067626953125
0.3779149457809696,3.7518742594333747,10.968536376953125,18.158111572265625
0.3987397823480697,3.797449684975589,10.923492431640625,18.203155517578125
0.4054894688272762,3.845045015220419,10.878570556640625,18.247955322265625
0.412877686263767,3.8890910945345243,10.834014892578125,18.292999267578125
0.40885914300292237,3.9586687950981863,10.789093017578125,18.337799072265625
0.41933745738586403,4.000839426093961,10.744415283203125,18.382354736328125
0.4059684044984434,4.062026009014408,10.699737548828125,18.427276611328125
0.39530277061288965,4.112146296687168,10.655181884765625,18.471832275390625
0.42993655303923906,4.1577878855797215,10.610870361328125,18.516265869140625
0.43664922189181776,4.187864981608083,10.566436767578125,18.560699462890625
0.3782894191746048,4.303859492756745,10.522247314453125,18.604766845703125
0.38847572279297493,4.323570735124571,10.478179931640625,18.648590087890625
0.42279527030346786,4.357020068818779,10.434112548828125,18.693023681640625
0.3915052219928762,4.466193908163239,10.390045166015625,18.736724853515625
0.3852017738829221,4.490776240978012,10.346099853515625,18.780792236328125
0.4161598739084923,4.524685944978514,10.302154541015625,18.824493408203125
0.4327763311091959,4.596864963828617,10.258453369140625,18.868316650390625
0.44016499965914013,4.6517639836500235,10.214752197265625,18.912017822265625
0.44364892402205514,4.707335081672531,10.171051025390625,18.955596923828125
0.4884054571622768,4.7655248231729255,10.127593994140625,18.999053955078125
0.43005446291840543,4.795217860154204,10.084259033203125,19.042633056640625
0.43316177325877037,4.855285475091068,10.040924072265625,19.085968017578125
0.4300881163420822,4.892387261958805,9.997589111328125,19.129058837890625
0.45125155147003415,4.950714096867335,9.954376220703125,19.172515869140625
0.45425003517212736,5.023953066477283,9.911407470703125,19.215728759765625
0.4751656680147113,5.080671695093212,9.868316650390625,19.258819580078125
0.4234140470950071,5.1225887252014735,9.825469970703125,19.301788330078125
0.44737628450897415,5.162714632374422,9.782623291015625,19.344512939453125
0.4405239671347799,5.1942604183148955,9.739898681640625,19.387237548828125
0.46801144551763285,5.276498946204161,9.697174072265625,19.429962158203125
0.4402550255859673,5.334399076442406,9.654693603515625,19.472442626953125
0.457627933982941,5.383713911600009,9.612213134765625,19.514801025390625
0.46496155561900676,5.424855164130974,9.569976806640625,19.557159423828125
0.48890795152976485,5.468331812129891,9.527740478515625,19.599517822265625
0.468515823804203,5.529595188113014,9.485626220703125,19.641510009765625
0.4682104400047443,5.569011240032421,9.443511962890625,19.683624267578125
0.46102593399385705,5.625901141286013,9.401519775390625,19.725616455078125
0.4817044011457249,5.688057566310101,9.359649658203125,19.767486572265625
0.4715464112312374,5.744980068070933,9.318023681640625,19.809234619140625
0.4614940718839774,5.816662487317061,9.276275634765625,19.850860595703125
0.47548216935142995,5.81795037471198,9.234771728515625,19.892242431640625
0.49904553451200306,5.875863736914703,9.193267822265625,19.933868408203125
0.4649281199362809,5.941413389949544,9.152008056640625,19.975250244140625
0.4819413361668744,5.96721604210662,9.110748291015625,20.016510009765625
0.4719498365602034,6.025586379179394,9.069610595703125,20.057403564453125
0.530797818258801,6.068122379168931,9.028594970703125,20.098663330078125
0.4961145691883947,6.1400091695723065,8.987579345703125,20.139556884765625
0.4961006063247936,6.185032391695576,8.946807861328125,20.180328369140625
0.5097326856965219,6.218326297399545,8.906158447265625,20.221221923828125
0.4961515695508697,6.282653073481855,8.865509033203125,20.261749267578125
0.49262378585900846,6.337630160753726,8.824981689453125,20.302154541015625
0.49663868742345074,6.390763266306125,8.784576416015625,20.342559814453125
0.5197337509542685,6.441162203371561,8.744171142578125,20.382598876953125
0.5163420581108684,6.497180365444426,8.704010009765625,20.423004150390625
0.5129019322670123,6.521578813797201,8.663970947265625,20.463043212890625
0.5062425321085885,6.575666600620545,8.623809814453125,20.502838134765625
0.5301587714273482,6.618760873139925,8.584014892578125,20.542877197265625
0.5233031813104383,6.681665735457335,8.544097900390625,20.582550048828125
0.5271844836809579,6.709472695945377,8.504425048828125,20.622222900390625
0.5134254522675668,6.765566223523098,8.464874267578125,20.661773681640625
0.5243792166315563,6.8400119888360535,8.425445556640625,20.701324462890625
0.533312819232518,6.876776979012766,8.386138916015625,20.740631103515625
0.5029539969412474,6.931491609196832,8.346832275390625,20.779937744140625
0.5101326389260893,6.9651255834625365,8.307647705078125,20.819244384765625
0.510106400629559,6.982286944726194,8.268707275390625,20.858184814453125
0.5166068237196771,7.065659584545479,8.229766845703125,20.897125244140625
0.5135521368665128,7.107421733049736,8.190826416015625,20.936309814453125
0.5098804671081797,7.157670918821462,8.152130126953125,20.975006103515625
0.5271285450351209,7.199207498831407,8.113677978515625,21.013580322265625
0.5234715231166548,7.266967769872991,8.075347900390625,21.052032470703125
0.5410542327053323,7.276689151942036,8.037017822265625,21.089996337890625
0.5918473334525919,7.358634997460894,7.998931884765625,21.128082275390625
0.5237894700568192,7.38811468981169,7.960479736328125,21.166168212890625
0.5443247085985313,7.442084827031842,7.922515869140625,21.204254150390625
0.5312366596283155,7.462610682370526,7.884552001953125,21.242095947265625
0.5582769879074533,7.502454144167595,7.846832275390625,21.280059814453125
0.5139433721799004,7.580974045921975,7.809112548828125,21.317901611328125
0.5379014131593607,7.606633037484636,7.771636962890625,21.355499267578125
0.6153110105768373,7.665731044702232,7.734161376953125,21.392974853515625
0.5215004911255948,7.670691149885515,7.696807861328125,21.429962158203125
0.5406894538626893,7.739745615170358,7.659698486328125,21.467437744140625
0.565011175558886,7.789857966107856,7.622711181640625,21.504302978515625
0.5479619949112613,7.85808519936935,7.585479736328125,21.541290283203125
0.5482810937165502,7.895937379270199,7.548736572265625,21.578033447265625
0.5891197645421586,7.928563703081824,7.511993408203125,21.614654541015625
0.629928167877723,7.971852640264748,7.475372314453125,21.651519775390625
0.5207222744614547,8.032777124604268,7.438751220703125,21.688507080078125
0.5718596176534413,8.057521108415726,7.402252197265625,21.724884033203125
0.5789551727515394,8.115037777182357,7.366241455078125,21.761138916015625
0.5659100511338461,8.153786174271461,7.330230712890625,21.797027587890625
0.5790252114397313,8.181927222285346,7.293853759765625,21.832794189453125
0.5450540899926536,8.239918266270093,7.258087158203125,21.868682861328125
0.5958190525903536,8.289008815490932,7.222320556640625,21.904449462890625
0.5763778598251525,8.33268578382162,7.186553955078125,21.940582275390625
0.5414483845784029,8.343107088905287,7.150787353515625,21.976348876953125
0.5691658563915093,8.406579293771923,7.115631103515625,22.011749267578125
0.5828982746890649,8.451039865473314,7.080352783203125,22.046783447265625
0.5894089918119464,8.49600586171451,7.044830322265625,22.081695556640625
0.5587930082560347,8.532219600897324,7.009918212890625,22.116729736328125
0.5626786025670067,8.564490392506093,6.975006103515625,22.151763916015625
0.558537004973389,8.609912030982345,6.939971923828125,22.187286376953125
0.559066842198716,8.664237809535274,6.905303955078125,22.221954345703125
0.5831793934255342,8.705241298929401,6.870880126953125,22.256134033203125
0.5752998752814424,8.733863716272552,6.836090087890625,22.290557861328125
0.6165945929373918,8.795261755328115,6.801910400390625,22.324859619140625
0.5454807752870104,8.831092608642559,6.767608642578125,22.359161376953125
0.568972268145102,8.862055754483347,6.733428955078125,22.393585205078125
0.603599877557336,8.897687344368016,6.699493408203125,22.427886962890625
0.6101668817088204,8.957126154458876,6.665679931640625,22.461090087890625
0.5794588495552988,8.992580102456413,6.631866455078125,22.494781494140625
0.5695333382478867,9.042732159151575,6.598175048828125,22.528717041015625
0.5997430510101356,9.099761211740471,6.564483642578125,22.562652587890625
0.5794845277469637,9.118699868838636,6.531280517578125,22.595977783203125
0.6141245532961772,9.150940982048281,6.498077392578125,22.628692626953125
0.6169716624112782,9.207651347154947,6.464874267578125,22.661773681640625
0.640851667635986,9.239600021627234,6.431793212890625,22.695220947265625
0.5763521718951047,9.290082707181549,6.398712158203125,22.728424072265625
0.57307893077472,9.320095558721912,6.366119384765625,22.761260986328125
0.572991312321091,9.33663949178609,6.333526611328125,22.793487548828125
0.6309356564822418,9.390953164674722,6.300811767578125,22.825958251953125
0.5802809328053722,9.438758690217488,6.268341064453125,22.858551025390625
0.5940951015347808,9.470016853056622,6.235870361328125,22.891143798828125
0.5970530793863615,9.506617244170831,6.204010009765625,22.923004150390625
0.6413497664434324,9.545385925539074,6.171783447265625,22.954864501953125
0.5998341223044175,9.593784320353818,6.139923095703125,22.986968994140625
0.5837650011320611,9.645760463236353,6.107940673828125,23.019195556640625
0.5800182760392197,9.66005752617711,6.076568603515625,23.050933837890625
-0.24308761568612752,9.717432389400729,6.044708251953125,23.081939697265625
0.559820873723542,9.764650741376679,6.013336181640625,23.113433837890625
0.6174142485625921,9.789645760502006,5.981719970703125,23.145172119140625
0.5970688405205336,9.801030915645724,5.950836181640625,23.176544189453125
0.627998439760105,9.872566064695633,5.919464111328125,23.207061767578125
0.5943073713451267,9.896553726987008,5.888702392578125,23.238067626953125
0.6071073132846313,9.954998991301748,5.857574462890625,23.269561767578125
0.6142922099037543,9.972060508909728,5.827301025390625,23.300201416015625
0.6106978458055538,10.005578220249422,5.796295166015625,23.330230712890625
0.6819047318142482,10.0471652828429,5.765899658203125,23.360870361328125
0.627695283198393,10.093537130282114,5.735382080078125,23.391632080078125
0.6821949861793516,10.127250800480281,5.705474853515625,23.421539306640625
0.6349162453199897,10.160086313909982,5.675201416015625,23.451446533203125
1.5013344014826946,10.208189402654176,5.645050048828125,23.481964111328125
0.6245261973884051,10.208975951380099,5.615264892578125,23.511993408203125
0.61501888059977,10.264523145498371,5.585357666015625,23.541168212890625
0.6146696198740859,10.316672004204719,5.555816650390625,23.571075439453125
0.6417553251236433,10.348692540253829,5.526031494140625,23.600860595703125
0.6420674773904704,10.39433658870239,5.496856689453125,23.629669189453125
0.6376299549564274,10.414769095639443,5.467681884765625,23.658966064453125
0.6078110572468325,10.454332293563027,5.438385009765625,23.688751220703125
0.6116097586948509,10.465365177667852,5.409454345703125,23.717681884765625
0.6689151190584647,10.53975163473327,5.380523681640625,23.746124267578125
0.6589847210351008,10.544648095591132,5.351593017578125,23.775421142578125
0.604446892175578,10.596018046659308,5.323150634765625,23.803985595703125
0.604207335574646,10.607184051145405,5.294342041015625,23.832305908203125
0.6041070571287487,10.683276973728255,5.266021728515625,23.860870361328125
0.6828655358720409,10.688633020234047,5.237457275390625,23.889556884765625
0.6691714395792897,10.742756282021302,5.209136962890625,23.917266845703125
0.6798618736755732,10.767471753102553,5.181427001953125,23.945587158203125
0.6289144588091933,10.813487939146905,5.153228759765625,23.973785400390625
0.625420560087052,10.844750320789522,5.125274658203125,24.001129150390625
0.7206035542865523,10.86831969519661,5.097686767578125,24.029205322265625
0.6318490788852968,10.940846540942884,5.070220947265625,24.056549072265625
0.6489512481893825,10.966723908379484,5.042388916015625,24.084014892578125
0.6408916925570664,10.984631005732298,5.015289306640625,24.111480712890625
0.6489215947392161,11.03319945462346,4.987823486328125,24.139190673828125
0.635557013526671,11.04238329184172,4.960723876953125,24.165802001953125
0.6422488388951173,11.081870441846451,4.933868408203125,24.193145751953125
0.6419000155367529,11.144490234444953,4.907012939453125,24.220367431640625
0.662610267483447,11.172241482351641,4.880035400390625,24.246490478515625
0.6589230405728431,11.211699523463896,4.853302001953125,24.273712158203125
0.6323373018611497,11.239004530778036,4.827178955078125,24.300323486328125
0.67605724051833,11.294397691287948,4.800445556640625,24.326324462890625
0.6691953788555689,11.333703255922222,4.773956298828125,24.353057861328125
0.6490300589908012,11.347769789421225,4.748077392578125,24.378692626953125
0.6489061946956621,11.388501048542935,4.721832275390625,24.404937744140625
0.6967331336274487,11.438007961232822,4.695709228515625,24.431060791015625
0.6696084736762767,11.454892959554872,4.669830322265625,24.456695556640625
0.6762938465909059,11.490858353832769,4.644195556640625,24.482818603515625
0.6461677491737625,11.49614356714265,4.618804931640625,24.508453369140625
0.6760010925790166,11.547168590162897,4.593048095703125,24.533721923828125
0.6488332671736006,11.591914563424325,4.567535400390625,24.559356689453125
0.6525145020160238,11.608827106932354,4.542144775390625,24.584259033203125
0.6394333643073273,11.650184084089128,4.517242431640625,24.609649658203125
0.6935232636837547,11.683979095235204,4.492340087890625,24.634796142578125
0.6806700278376746,11.720633393251546,4.467193603515625,24.659454345703125
0.6635905215491741,11.741050563830385,4.442169189453125,24.684722900390625
0.6533280578070274,11.756698274768576,4.417388916015625,24.709014892578125
0.7142893139233201,11.79709980136221,4.393096923828125,24.733917236328125
0.6529191748321818,11.850300473373053,4.368804931640625,24.758575439453125
0.6596216397822886,11.847532381664406,4.344146728515625,24.782623291015625
0.625920900379877,11.876973621756358,4.319976806640625,24.806549072265625
0.6802461369724921,11.90237869244931,4.295562744140625,24.830963134765625
0.6971727674995938,11.940211352049824,4.271636962890625,24.855377197265625
0.6496021185642298,11.979255362231376,4.247955322265625,24.878936767578125
0.6705303133255767,12.013170910545249,4.224029541015625,24.902862548828125
0.6804232158690522,12.038754254377919,4.200469970703125,24.927032470703125
0.663355770425867,12.073494214727367,4.176666259765625,24.950103759765625
0.6634935991873085,12.100013629533935,4.152984619140625,24.974029541015625
0.6259250357078804,12.09967428616618,4.129669189453125,24.996856689453125
0.713609953883457,12.166178208405587,4.106231689453125,25.020782470703125
0.6704995084816858,12.193002562671776,4.083282470703125,25.043487548828125
0.7069876275599064,12.236801141330348,4.060211181640625,25.066925048828125
0.6360083084542733,12.244081539001197,4.037628173828125,25.089508056640625
0.6517592082227691,12.258694677192729,4.014556884765625,25.112213134765625
0.6730217451035417,12.318605287227962,3.991973876953125,25.135284423828125
0.6839624379920134,12.336579788987379,3.969146728515625,25.157501220703125
0.6558290984940498,12.358728678697052,3.946563720703125,25.180084228515625
0.7104617402014298,12.381798365867281,3.924224853515625,25.202423095703125
0.7071577010874717,12.422576760253264,3.901763916015625,25.225250244140625
0.6565111744639102,12.438609080082008,3.879669189453125,25.246856689453125
0.6631992558963974,12.506243067697033,3.857452392578125,25.269561767578125
0.6939314346652554,12.518687665988057,3.835479736328125,25.291046142578125
0.7034701656096127,12.553856443212084,3.813629150390625,25.313385009765625
0.6597622534434675,12.99261081503742,3.792022705078125,25.334991455078125
0.5052395585121303,12.9224410375079,3.770172119140625,25.356719970703125
0.6690398253654517,12.926795055686718,3.749053955078125,25.377838134765625
0.6523399407422786,12.938477951426142,3.727447509765625,25.399566650390625
0.6147515405570312,12.984007579843558,3.706207275390625,25.420684814453125
0.6292527111735263,13.011409139033486,3.684844970703125,25.442169189453125
0.6490578238472354,13.047254985840937,3.663848876953125,25.463043212890625
0.6351868228241088,13.075050089347531,3.642730712890625,25.484283447265625
0.6051061702712898,13.097861161473723,3.622100830078125,25.505035400390625
0.6629139524511429,13.118470111811204,3.600982666015625,25.526031494140625
0.6521320880957665,13.155160938127796,3.580596923828125,25.546661376953125
0.6558835798814828,13.166472296246816,3.559600830078125,25.567413330078125
0.6120466390740712,13.186833925538828,3.539337158203125,25.587677001953125
0.6078522785068807,13.214765074380193,3.518707275390625,25.608184814453125
0.6351103041498919,13.268912996339237,3.498443603515625,25.628326416015625
0.6486781196255256,13.279263036694035,3.478179931640625,25.648834228515625
0.6016157514365299,13.27847234333515,3.457916259765625,25.668609619140625
0.587520736616042,13.306568126128655,3.438018798828125,25.689117431640625
0.6248798612202935,13.352643612775209,3.417877197265625,25.708526611328125
0.6557226083751764,13.366277783906225,3.398223876953125,25.728790283203125
0.6222431446874046,13.365067052503633,3.378448486328125,25.747955322265625
0.6141205451774863,13.417724057067286,3.358795166015625,25.768096923828125
0.6422476589031174,13.453148056834133,3.339385986328125,25.787139892578125
0.6560168700598745,13.46994066264003,3.319976806640625,25.806793212890625
0.6155794989237726,13.475629106164247,3.300811767578125,25.825836181640625
1.4916897900684005,13.516181619826584,3.281646728515625,25.845611572265625
0.664356434475661,13.544012016072454,3.262603759765625,25.864166259765625
0.656120228543043,13.563783689546414,3.243682861328125,25.883453369140625
0.6288216547631129,13.583662572686912,3.224639892578125,25.902252197265625
0.6024233712406625,13.381909032832654,3.205841064453125,25.921051025390625
0.6492082994877714,13.638463637084726,3.187042236328125,25.940216064453125
0.6358602332783666,13.656542375721026,3.168121337890625,25.958282470703125
0.6391445138837067,13.68941034017181,3.149688720703125,25.977447509765625
0.6629887136763968,13.712270644561897,3.131378173828125,25.995269775390625
0.6870853307468633,13.72484138215448,3.112945556640625,26.014068603515625
0.6222303914051432,13.74874993449795,3.094757080078125,26.031890869140625
0.6496718059543277,13.784083992653475,3.076934814453125,26.050567626953125
0.6902409239741993,13.802189816836144,3.058502197265625,26.068389892578125
0.6630814478337546,13.777628254805443,3.040557861328125,26.086090087890625
0.649840086077272,13.843559520605343,3.022613525390625,26.104400634765625
0.6225403512213242,13.842560927658777,3.004791259765625,26.121612548828125
0.6971075678416578,13.858362770001408,2.987091064453125,26.139923095703125
0.6394781290410032,13.883038181849445,2.969635009765625,26.157012939453125
0.6424478417709012,13.925277802097039,2.952301025390625,26.174835205078125
0.619436133489882,13.937261678857505,2.934722900390625,26.192291259765625
0.6766994028904922,13.966423369976331,2.917144775390625,26.209259033203125
0.6905738000688051,13.999054206564812,2.900054931640625,26.227081298828125
0.6399383429465432,14.011246922284581,2.882965087890625,26.243560791015625
0.6397593828314416,14.044079613837699,2.866119384765625,26.261138916015625
0.6906624123358835,14.050176126740787,2.849029541015625,26.277740478515625
0.6668086193805032,14.06270918647587,2.832427978515625,26.294708251953125
0.6195557036888721,14.09599379303792,2.815216064453125,26.311798095703125
0.687128742024948,14.113121562181238,2.798614501953125,26.327911376953125
0.6872118062040264,14.121480163522419,2.782135009765625,26.345123291015625
0.6569829690438188,14.13892228720931,2.765655517578125,26.361114501953125
0.670478290919385,14.154927544738749,2.749298095703125,26.377471923828125
0.6384063033669161,14.211515792685027,2.732696533203125,26.394317626953125
0.6701708362690592,14.189419764903906,2.716583251953125,26.410064697265625
0.6396041108479852,14.216247515458814,2.700592041015625,26.426666259765625
0.6698249303738024,14.262475647987522,2.684356689453125,26.442413330078125
0.6636727813871134,14.270749778397093,2.668121337890625,26.458404541015625
0.6463983961581246,14.292636021106125,2.652130126953125,26.474761962890625
0.6807165907236564,14.305969996641707,2.636627197265625,26.490020751953125
0.6938081963535825,14.330333211977434,2.621124267578125,26.506134033203125
0.6504408769568122,14.344603515878704,2.605133056640625,26.522003173828125
0.649056965878258,14.340553925624825,2.589508056640625,26.537017822265625
0.7113875455622424,14.38809875288051,2.574371337890625,26.553009033203125
0.6804462532691189,14.40163906382681,2.558746337890625,26.568023681640625
0.677286764389942,14.42765450431017,2.543243408203125,26.583282470703125
0.6503759706662038,14.447072729482283,2.527862548828125,26.599029541015625
0.677341022488096,14.457025366565512,2.513092041015625,26.613677978515625
0.6871566666046117,14.494712299727004,2.498077392578125,26.628814697265625
0.6532553546192731,14.494894140941682,2.482818603515625,26.644195556640625
0.6664246025942577,14.505700430441383,2.468048095703125,26.658599853515625
0.7007911532359464,14.527345092693869,2.453399658203125,26.673736572265625
0.6809753497992544,14.570326093721171,2.438507080078125,26.688629150390625
0.67748764324634,14.577050913608046,2.423736572265625,26.702911376953125
0.7075481748130512,14.592694060552434,2.409454345703125,26.717926025390625
0.6880726246642538,14.612297544112364,2.394805908203125,26.732086181640625
0.6980245028397758,14.616370791899277,2.380157470703125,26.746368408203125
0.6607442206010803,14.635994959698058,2.365875244140625,26.761260986328125
0.6569623211552932,14.645174182030123,2.351715087890625,26.775054931640625
0.6908671758637773,14.687661752317068,2.337310791015625,26.789337158203125
0.6804917990466031,14.687704906325688,2.323394775390625,26.803741455078125
0.6744804137741194,14.705612653118852,2.309356689453125,26.817413330078125
0.6810735520481084,14.743263964087124,2.295196533203125,26.831329345703125
0.7283752936624304,14.740185452447369,2.281280517578125,26.845611572265625
0.6943479648305102,14.752250941320765,2.267730712890625,26.858917236328125
0.6910659222429103,14.78001451125111,2.253814697265625,26.872589111328125
0.667401825828469,14.785358089792,2.240142822265625,26.886749267578125
0.7150480139805677,14.83351806436679,2.226837158203125,26.899932861328125
0.697992370702581,14.833690782414191,2.213165283203125,26.913360595703125
0.6568784495731446,14.847468750939045,2.199737548828125,26.927398681640625
0.6261954574972953,14.826812411191389,2.186553955078125,26.940216064453125
0.6976565253737551,14.85703735378385,2.173126220703125,26.953521728515625
0.687869594741897,14.88420258171158,2.160186767578125,26.966949462890625
0.6841203513471569,14.897504535158982,2.146881103515625,26.980010986328125
0.7288826102187536,14.929931186145799,2.133819580078125,26.992828369140625
0.7009875278363183,14.969353078660323,2.121002197265625,27.006011962890625
0.68766678720622,14.959630967913675,2.107940673828125,27.019195556640625
0.6673133559686716,14.959108012784966,2.095123291015625,27.031524658203125
0.7114408086055445,14.991999802771966,2.082427978515625,27.044464111328125
0.6542305761425492,15.007498849472395,2.069610595703125,27.057159423828125
0.7173861519891389,15.034149913558036,2.057037353515625,27.069610595703125
0.6980189594239951,15.03425656762344,2.044342041015625,27.082183837890625
0.6980718427660652,15.049395459907112,2.031890869140625,27.095123291015625
0.6780454641768603,15.06844312021276,2.019683837890625,27.107086181640625
0.7186656810056725,15.086120572557485,2.007354736328125,27.119293212890625
0.704839295698155,15.1113599338933,1.995391845703125,27.131866455078125
0.6671797185499839,15.114327167722221,1.982818603515625,27.144195556640625
0.6851778037142737,15.129038300171798,1.970733642578125,27.155914306640625
0.7154593634147826,15.165198661198543,1.958404541015625,27.168243408203125
0.6909545144245167,15.149980897824602,1.946441650390625,27.180450439453125
0.6921530612072156,15.158448546678644,1.934722900390625,27.191925048828125
0.6775865229554996,15.189854327721251,1.922760009765625,27.203765869140625
0.7040321226393645,15.227325786234758,1.911163330078125,27.215850830078125
0.6983725861688332,15.211609672898064,1.899444580078125,27.227569580078125
0.6983286339085678,15.22164735914229,1.887725830078125,27.238922119140625
0.7428700922416426,15.25046383027863,1.875885009765625,27.250640869140625
0.7184139154472514,15.264629619996654,1.864410400390625,27.262603759765625
0.6912991224117552,15.273628193875037,1.853179931640625,27.273468017578125
0.7049014548903277,15.273359431314232,1.841705322265625,27.284942626953125
0.6462101683025927,15.286308489343924,1.830596923828125,27.296539306640625
0.7220992576241,15.321864844506075,1.819122314453125,27.308013916015625
0.701487144034469,15.3170529918812,1.808013916015625,27.318634033203125
0.7256376691551244,15.344578539706966,1.796783447265625,27.329864501953125
0.717849906256041,15.363079673576854,1.785919189453125,27.341094970703125
0.7083157764123058,15.390784318084712,1.774810791015625,27.352325439453125
0.7182560333726796,15.380243041130353,1.763946533203125,27.362701416015625
0.6981451804957759,15.397752636380298,1.752716064453125,27.373687744140625
0.7391762683081703,15.42226162380309,1.741973876953125,27.384796142578125
0.711380975204712,15.438191153095007,1.731475830078125,27.395416259765625
0.7051895704941261,15.449893406094398,1.720733642578125,27.405914306640625
0.6883663701638315,15.461404375063475,1.709869384765625,27.416656494140625
0.7185957646821362,15.478745255491555,1.699371337890625,27.427642822265625
0.7192520763988065,15.467695094368006,1.689117431640625,27.437774658203125
0.7296304748145485,15.481916910737498,1.678619384765625,27.448028564453125
0.6883031267407183,15.48905018957757,1.667999267578125,27.458526611328125
0.72195360139156,15.52728395160142,1.657745361328125,27.469146728515625
0.7055577316602349,15.527544329717538,1.647613525390625,27.479156494140625
0.7189988600730393,15.549691720983441,1.637481689453125,27.489166259765625
0.6838739991509138,15.562647828588384,1.627105712890625,27.499420166015625
0.7289544567002636,15.575174095697873,1.616973876953125,27.509796142578125
0.7080915063477049,15.573458762262819,1.607208251953125,27.519683837890625
0.7047954374972862,15.590450187995769,1.597198486328125,27.529449462890625
0.7085892908505926,15.595874101072662,1.587188720703125,27.539459228515625
0.7218427303593845,15.6437714944003,1.577423095703125,27.549468994140625
0.7425948968819225,15.62941874920663,1.567657470703125,27.559478759765625
0.705079050068331,15.62017165500732,1.557891845703125,27.568756103515625
0.7253469975805592,15.673177662971776,1.548248291015625,27.578399658203125
0.7177803213746862,15.669864670636054,1.538604736328125,27.588165283203125
0.7119222709176489,15.676282834915229,1.528961181640625,27.598052978515625
0.6948649406100014,15.662403615325134,1.519561767578125,27.607086181640625
0.7220481754457094,15.704444257474515,1.510162353515625,27.616485595703125
0.7114431415726286,15.715096675456971,1.500518798828125,27.625885009765625
0.7016085234809469,15.72761954251265,1.491241455078125,27.635528564453125
0.694958808145101,15.746492205632544,1.482086181640625,27.644683837890625
0.7185423224506702,15.75390630993448,1.472930908203125,27.653717041015625
0.7257218745629088,15.776051575481103,1.463653564453125,27.662994384765625
0.708155922901376,15.782469097128653,1.454254150390625,27.672271728515625
0.6951034098744693,15.76684798866192,1.445465087890625,27.681671142578125
0.729081256436558,15.810309048000546,1.436553955078125,27.690216064453125
0.7293406948812462,15.80731461250056,1.427520751953125,27.699127197265625
0.7122034154586346,15.82441937906056,1.418487548828125,27.708038330078125
0.7196013452993949,15.839350522901695,1.409576416015625,27.717193603515625
0.7220324472077811,15.85127651164109,1.400909423828125,27.726104736328125
0.7256515803290251,15.843099718290391,1.392242431640625,27.734405517578125
0.7222057054383353,15.879226567209168,1.383453369140625,27.743194580078125
0.7014319329814359,15.857472053884214,1.374664306640625,27.751983642578125
0.7323447619033087,15.864562720798746,1.365997314453125,27.760772705078125
0.7261067794440734,15.915131661173236,1.357696533203125,27.769195556640625
0.7257029559768633,15.922914533149546,1.349273681640625,27.777496337890625
0.7228568439970565,15.922187428591977,1.340728759765625,27.785919189453125
0.7355169327411903,15.924533039281366,1.332183837890625,27.794464111328125
0.7293931733121211,15.951794554154054,1.323760986328125,27.803009033203125
0.7257849432788828,15.931433938006643,1.315826416015625,27.811065673828125
0.7222152398638726,15.954783664791494,1.307525634765625,27.819244384765625
0.7462004143957001,15.976138348385968,1.299224853515625,27.827301025390625
0.7115387517837322,15.99296101478174,1.290924072265625,27.835601806640625
0.6981536174318088,15.986203647172784,1.282989501953125,27.843902587890625
0.7230102914823157,15.992987234078692,1.275054931640625,27.851837158203125
0.7119549199447099,16.00706605974645,1.266998291015625,27.859649658203125
0.7360987067074157,16.00935263343377,1.259063720703125,27.867584228515625
0.7535633483559943,16.026323591535046,1.251007080078125,27.875518798828125
0.7195531208431744,16.043417209365117,1.243072509765625,27.883575439453125
0.7323973255590938,16.034159303911025,1.235504150390625,27.891510009765625
0.7233549810510007,16.049003856888234,1.231475830078125,27.895294189453125
0.7258933786686277,16.037386944058703,1.231475830078125,27.895294189453125
0.7258456998057657,16.047383552392063,1.231597900390625,27.895172119140625
0.7331723327875317,16.03961793474639,1.231597900390625,27.895050048828125
0.7089928590454188,16.054934124070954,1.231597900390625,27.895050048828125
0.7017377815012238,16.049364218138194,1.231597900390625,27.895050048828125
0.7086337038109106,16.0417338849542,1.231719970703125,27.895050048828125
0.7258456998057657,16.047383552392063,1.231597900390625,27.895050048828125
0.718813455526518,16.0455503589667,1.231719970703125,27.895050048828125
0.7126311711426057,16.06865693711569,1.231597900390625,27.895050048828125
0.7120938259752269,16.04171764487772,1.231597900390625,27.895050048828125
0.7191041629926852,16.061147722738248,1.231597900390625,27.895050048828125
0.7157560667809133,16.063032573726936,1.231597900390625,27.895050048828125
0.7155471652746419,16.055963934193166,1.231597900390625,27.895050048828125
0.722621151685471,16.062065457272723,1.231597900390625,27.895050048828125
0.7194154726521829,16.033949446095264,1.231597900390625,27.895050048828125
0.7158909865013844,16.04730074504819,1.231597900390625,27.895050048828125
0.7329618390464715,16.057749134955213,1.231719970703125,27.895050048828125
0.705435840553323,16.049749297706775,1.231597900390625,27.895050048828125
0.7197403553571621,16.068095199513465,1.231719970703125,27.895050048828125
0.7366748513640327,16.04386806712666,1.231597900390625,27.895050048828125
0.7228474789402112,16.065803242138692,1.231719970703125,27.895050048828125
0.70238690339055,16.063907165489166,1.231597900390625,27.895050048828125
0.7226121537025464,16.051133499262196,1.231597900390625,27.895050048828125
